frame,near_left_x,near_left_y,near_right_x,near_right_y,far_right_x,far_right_y,far_left_x,far_left_y
1.650000000000000000e+02,1.369673156738281250e+02,5.380403442382812500e+02,9.426262207031250000e+02,5.473090209960937500e+02,8.502346801757812500e+02,8.024175262451171875e+01,2.154171295166015625e+02,6.387871932983398438e+01
1.660000000000000000e+02,1.369752502441406250e+02,5.379996337890625000e+02,9.426262207031250000e+02,5.473090209960937500e+02,8.501683349609375000e+02,8.027442932128906250e+01,2.153481140136718750e+02,6.384405136108398438e+01
1.670000000000000000e+02,1.369752502441406250e+02,5.379996337890625000e+02,9.426142578125000000e+02,5.472960815429687500e+02,8.502213134765625000e+02,8.024890899658203125e+01,2.153708648681640625e+02,6.380500411987304688e+01
1.680000000000000000e+02,1.369364776611328125e+02,5.380390625000000000e+02,9.425914916992187500e+02,5.473137207031250000e+02,8.502213134765625000e+02,8.024890899658203125e+01,2.153403015136718750e+02,6.381644821166992188e+01
1.690000000000000000e+02,1.369364776611328125e+02,5.380390625000000000e+02,9.426964111328125000e+02,5.473259277343750000e+02,8.503012084960937500e+02,8.028012084960937500e+01,2.153403015136718750e+02,6.381644821166992188e+01
1.700000000000000000e+02,1.369364776611328125e+02,5.380390625000000000e+02,9.426964111328125000e+02,5.473259277343750000e+02,8.502880859375000000e+02,8.028810882568359375e+01,2.153991241455078125e+02,6.379897689819335938e+01
1.710000000000000000e+02,1.369373931884765625e+02,5.380306396484375000e+02,9.426964111328125000e+02,5.473259277343750000e+02,8.502880859375000000e+02,8.028810882568359375e+01,2.154048156738281250e+02,6.378081512451171875e+01
1.720000000000000000e+02,1.369373931884765625e+02,5.380306396484375000e+02,9.427037963867187500e+02,5.473175659179687500e+02,8.503471069335937500e+02,8.029330444335937500e+01,2.154048156738281250e+02,6.378081512451171875e+01
1.730000000000000000e+02,1.369373931884765625e+02,5.380306396484375000e+02,9.427127075195312500e+02,5.473143920898437500e+02,8.503768310546875000e+02,8.029592132568359375e+01,2.153991241455078125e+02,6.379897689819335938e+01
1.740000000000000000e+02,1.369818878173828125e+02,5.379119262695312500e+02,9.425763549804687500e+02,5.472893066406250000e+02,8.503768310546875000e+02,8.029592132568359375e+01,2.154759216308593750e+02,6.375964736938476562e+01
1.750000000000000000e+02,1.369913177490234375e+02,5.379034423828125000e+02,9.425763549804687500e+02,5.472893066406250000e+02,8.503768310546875000e+02,8.029592132568359375e+01,2.155408020019531250e+02,6.369557189941406250e+01
1.760000000000000000e+02,1.369913177490234375e+02,5.379034423828125000e+02,9.426584472656250000e+02,5.473187866210937500e+02,8.503524169921875000e+02,8.039952087402343750e+01,2.156085662841796875e+02,6.359180450439453125e+01
1.770000000000000000e+02,1.369913177490234375e+02,5.379189453125000000e+02,9.427533569335937500e+02,5.473262939453125000e+02,8.503524169921875000e+02,8.039952087402343750e+01,2.156085662841796875e+02,6.359180450439453125e+01
1.780000000000000000e+02,1.369913177490234375e+02,5.379189453125000000e+02,9.427533569335937500e+02,5.473262939453125000e+02,8.503839721679687500e+02,8.037679290771484375e+01,2.155236511230468750e+02,6.370810317993164062e+01
1.790000000000000000e+02,1.369542541503906250e+02,5.380101928710937500e+02,9.427720336914062500e+02,5.473270263671875000e+02,8.503839721679687500e+02,8.037679290771484375e+01,2.155236511230468750e+02,6.370810317993164062e+01
1.800000000000000000e+02,1.369628143310546875e+02,5.379437255859375000e+02,9.427531738281250000e+02,5.473273925781250000e+02,8.505112304687500000e+02,8.042871856689453125e+01,2.154777069091796875e+02,6.372734069824218750e+01
1.810000000000000000e+02,1.369628143310546875e+02,5.379437255859375000e+02,9.427531738281250000e+02,5.473273925781250000e+02,8.503882446289062500e+02,8.038687133789062500e+01,2.153661193847656250e+02,6.379779052734375000e+01
1.820000000000000000e+02,1.369818725585937500e+02,5.379274902343750000e+02,9.427372436523437500e+02,5.473403930664062500e+02,8.504183349609375000e+02,8.039170074462890625e+01,2.153661193847656250e+02,6.379779052734375000e+01
1.830000000000000000e+02,1.369818725585937500e+02,5.379274902343750000e+02,9.427185668945312500e+02,5.473430175781250000e+02,8.504183349609375000e+02,8.039170074462890625e+01,2.153968200683593750e+02,6.378848266601562500e+01
1.840000000000000000e+02,1.369818878173828125e+02,5.379119262695312500e+02,9.427114257812500000e+02,5.473509521484375000e+02,8.502911376953125000e+02,8.033979797363281250e+01,2.153968200683593750e+02,6.378848266601562500e+01
1.850000000000000000e+02,1.369818878173828125e+02,5.379119262695312500e+02,9.427114257812500000e+02,5.473509521484375000e+02,8.504226684570312500e+02,8.034535980224609375e+01,2.153570861816406250e+02,6.382145690917968750e+01
1.860000000000000000e+02,1.369818878173828125e+02,5.379119262695312500e+02,9.427114257812500000e+02,5.473509521484375000e+02,8.504226684570312500e+02,8.034535980224609375e+01,2.153804779052734375e+02,6.388397979736328125e+01
1.870000000000000000e+02,1.369692840576171875e+02,5.379923095703125000e+02,9.426806030273437500e+02,5.473407592773437500e+02,8.503839721679687500e+02,8.037679290771484375e+01,2.153951416015625000e+02,6.388999176025390625e+01
1.880000000000000000e+02,1.369692840576171875e+02,5.379923095703125000e+02,9.427575683593750000e+02,5.473459472656250000e+02,8.504226684570312500e+02,8.034535980224609375e+01,2.153951416015625000e+02,6.388999176025390625e+01
1.890000000000000000e+02,1.369692840576171875e+02,5.379923095703125000e+02,9.427575683593750000e+02,5.473459472656250000e+02,8.504226684570312500e+02,8.034535980224609375e+01,2.153951416015625000e+02,6.388999176025390625e+01
1.900000000000000000e+02,1.370410919189453125e+02,5.380316162109375000e+02,9.427575683593750000e+02,5.473459472656250000e+02,8.504226684570312500e+02,8.034535980224609375e+01,2.153951416015625000e+02,6.388999176025390625e+01
1.910000000000000000e+02,1.370410919189453125e+02,5.380316162109375000e+02,9.427739257812500000e+02,5.473355712890625000e+02,8.504226684570312500e+02,8.034535980224609375e+01,2.153951416015625000e+02,6.388999176025390625e+01
1.920000000000000000e+02,1.370505065917968750e+02,5.380075073242187500e+02,9.427739257812500000e+02,5.473355712890625000e+02,8.505062255859375000e+02,8.030878448486328125e+01,2.153951416015625000e+02,6.388999176025390625e+01
1.930000000000000000e+02,1.370505065917968750e+02,5.380075073242187500e+02,9.426701660156250000e+02,5.473333129882812500e+02,8.505062255859375000e+02,8.030878448486328125e+01,2.153951416015625000e+02,6.388999176025390625e+01
1.940000000000000000e+02,1.370505065917968750e+02,5.380075073242187500e+02,9.425629272460937500e+02,5.473081665039062500e+02,8.505062255859375000e+02,8.030878448486328125e+01,2.153951416015625000e+02,6.388999176025390625e+01
1.950000000000000000e+02,1.370217742919921875e+02,5.380241088867187500e+02,9.425401611328125000e+02,5.472928466796875000e+02,8.505062255859375000e+02,8.030878448486328125e+01,2.153781738281250000e+02,6.389966964721679688e+01
1.960000000000000000e+02,1.370113677978515625e+02,5.381489257812500000e+02,9.425092163085937500e+02,5.472785644531250000e+02,8.504840698242187500e+02,8.034793090820312500e+01,2.153817901611328125e+02,6.387151336669921875e+01
1.970000000000000000e+02,1.369523468017578125e+02,5.380640869140625000e+02,9.425703735351562500e+02,5.472989501953125000e+02,8.502792968750000000e+02,8.026969146728515625e+01,2.154124298095703125e+02,6.385356903076171875e+01
1.980000000000000000e+02,1.369884033203125000e+02,5.379653930664062500e+02,9.425703735351562500e+02,5.472989501953125000e+02,8.502792968750000000e+02,8.026969146728515625e+01,2.153893280029296875e+02,6.379087829589843750e+01
1.990000000000000000e+02,1.369884033203125000e+02,5.379653930664062500e+02,9.425703735351562500e+02,5.472989501953125000e+02,8.502792968750000000e+02,8.026969146728515625e+01,2.153893280029296875e+02,6.379087829589843750e+01
2.000000000000000000e+02,1.369884033203125000e+02,5.379653930664062500e+02,9.425660400390625000e+02,5.472839355468750000e+02,8.502792968750000000e+02,8.026969146728515625e+01,2.153893280029296875e+02,6.379087829589843750e+01
2.010000000000000000e+02,1.369884033203125000e+02,5.379653930664062500e+02,9.425570678710937500e+02,5.472871093750000000e+02,8.502792968750000000e+02,8.026969146728515625e+01,2.153972778320312500e+02,6.386328506469726562e+01
2.020000000000000000e+02,1.369884033203125000e+02,5.379653930664062500e+02,9.425570678710937500e+02,5.472871093750000000e+02,8.502792968750000000e+02,8.026969146728515625e+01,2.153972778320312500e+02,6.386328506469726562e+01
2.030000000000000000e+02,1.369978790283203125e+02,5.379569091796875000e+02,9.425570678710937500e+02,5.472871093750000000e+02,8.502792968750000000e+02,8.026969146728515625e+01,2.154124298095703125e+02,6.385356903076171875e+01
2.040000000000000000e+02,1.370131225585937500e+02,5.379475097656250000e+02,9.425570678710937500e+02,5.472871093750000000e+02,8.502792968750000000e+02,8.026969146728515625e+01,2.154255828857421875e+02,6.386108016967773438e+01
2.050000000000000000e+02,1.369912109375000000e+02,5.380583496093750000e+02,9.425570678710937500e+02,5.472871093750000000e+02,8.502792968750000000e+02,8.026969146728515625e+01,2.154255828857421875e+02,6.386108016967773438e+01
2.060000000000000000e+02,1.369457702636718750e+02,5.379028320312500000e+02,9.425721435546875000e+02,5.472764892578125000e+02,8.505291748046875000e+02,8.036096954345703125e+01,2.155080108642578125e+02,6.377983856201171875e+01
2.070000000000000000e+02,1.370338134765625000e+02,5.379410400390625000e+02,9.425721435546875000e+02,5.472764892578125000e+02,8.505291748046875000e+02,8.036096954345703125e+01,2.155080108642578125e+02,6.377983856201171875e+01
2.080000000000000000e+02,1.369021606445312500e+02,5.379398803710937500e+02,9.425881347656250000e+02,5.473021850585937500e+02,8.505291748046875000e+02,8.036096954345703125e+01,2.155080108642578125e+02,6.377983856201171875e+01
2.090000000000000000e+02,1.370155792236328125e+02,5.379051513671875000e+02,9.425554809570312500e+02,5.472828979492187500e+02,8.505291748046875000e+02,8.036096954345703125e+01,2.154858856201171875e+02,6.371726989746093750e+01
2.100000000000000000e+02,1.370003814697265625e+02,5.378762817382812500e+02,9.425494384765625000e+02,5.472903442382812500e+02,8.505291748046875000e+02,8.036096954345703125e+01,2.155167236328125000e+02,6.370562362670898438e+01
2.110000000000000000e+02,1.371691436767578125e+02,5.380139160156250000e+02,9.425820312500000000e+02,5.473096313476562500e+02,8.505291748046875000e+02,8.036096954345703125e+01,2.155167236328125000e+02,6.370562362670898438e+01
2.120000000000000000e+02,1.372557678222656250e+02,5.380570068359375000e+02,9.425812988281250000e+02,5.473092041015625000e+02,8.504357299804687500e+02,8.032418060302734375e+01,2.155386047363281250e+02,6.366740036010742188e+01
2.130000000000000000e+02,1.373232269287109375e+02,5.378530883789062500e+02,9.425812988281250000e+02,5.473092041015625000e+02,8.503881835937500000e+02,8.022527313232421875e+01,2.155256347656250000e+02,6.365970611572265625e+01
2.140000000000000000e+02,1.373232269287109375e+02,5.378530883789062500e+02,9.425812988281250000e+02,5.473092041015625000e+02,8.503610839843750000e+02,8.023833465576171875e+01,2.155256347656250000e+02,6.365970611572265625e+01
2.150000000000000000e+02,1.373232269287109375e+02,5.378530883789062500e+02,9.425812988281250000e+02,5.473092041015625000e+02,8.504580688476562500e+02,8.031390380859375000e+01,2.155256347656250000e+02,6.365970611572265625e+01
2.160000000000000000e+02,1.373655090332031250e+02,5.379105834960937500e+02,9.425812988281250000e+02,5.473092041015625000e+02,8.504583129882812500e+02,8.027561187744140625e+01,2.155256347656250000e+02,6.365970611572265625e+01
2.170000000000000000e+02,1.373655090332031250e+02,5.379105834960937500e+02,9.425812988281250000e+02,5.473092041015625000e+02,8.504583129882812500e+02,8.027561187744140625e+01,2.154871826171875000e+02,6.368937683105468750e+01
2.180000000000000000e+02,1.373713989257812500e+02,5.379181518554687500e+02,9.425812988281250000e+02,5.473092041015625000e+02,8.504583129882812500e+02,8.027561187744140625e+01,2.154871826171875000e+02,6.368937683105468750e+01
2.190000000000000000e+02,1.373876953125000000e+02,5.379476318359375000e+02,9.425485839843750000e+02,5.472898559570312500e+02,8.504420776367187500e+02,8.026700592041015625e+01,2.154948883056640625e+02,6.367141723632812500e+01
2.200000000000000000e+02,1.373876953125000000e+02,5.379476318359375000e+02,9.425621337890625000e+02,5.473077392578125000e+02,8.504420776367187500e+02,8.026700592041015625e+01,2.154948883056640625e+02,6.367141723632812500e+01
2.210000000000000000e+02,1.373655090332031250e+02,5.379105834960937500e+02,9.425621337890625000e+02,5.473077392578125000e+02,8.503481445312500000e+02,8.023881530761718750e+01,2.154948883056640625e+02,6.367141723632812500e+01
2.220000000000000000e+02,1.372070617675781250e+02,5.378288574218750000e+02,9.425621337890625000e+02,5.473077392578125000e+02,8.503481445312500000e+02,8.023881530761718750e+01,2.154948883056640625e+02,6.367141723632812500e+01
2.230000000000000000e+02,1.375474700927734375e+02,5.380906982421875000e+02,9.425621337890625000e+02,5.473077392578125000e+02,8.504445800781250000e+02,8.031400299072265625e+01,2.154948883056640625e+02,6.367141723632812500e+01
2.240000000000000000e+02,1.375474700927734375e+02,5.380906982421875000e+02,9.425805053710937500e+02,5.472662963867187500e+02,8.504558715820312500e+02,8.026488494873046875e+01,2.154948883056640625e+02,6.367141723632812500e+01
2.250000000000000000e+02,1.375646057128906250e+02,5.381212768554687500e+02,9.425805053710937500e+02,5.472662963867187500e+02,8.504558715820312500e+02,8.026488494873046875e+01,2.154948883056640625e+02,6.367141723632812500e+01
2.260000000000000000e+02,1.375646057128906250e+02,5.381212768554687500e+02,9.425805053710937500e+02,5.472662963867187500e+02,8.504628295898437500e+02,8.025624847412109375e+01,2.153687744140625000e+02,6.376190567016601562e+01
2.270000000000000000e+02,1.375646057128906250e+02,5.381212768554687500e+02,9.425295410156250000e+02,5.472884521484375000e+02,8.504253540039062500e+02,8.029652404785156250e+01,2.154050445556640625e+02,6.383205413818359375e+01
2.280000000000000000e+02,1.373373260498046875e+02,5.379645385742187500e+02,9.425350341796875000e+02,5.472722778320312500e+02,8.504138793945312500e+02,8.031302642822265625e+01,2.156150970458984375e+02,6.378010940551757812e+01
2.290000000000000000e+02,1.373556976318359375e+02,5.378412475585937500e+02,9.424880371093750000e+02,5.472735595703125000e+02,8.505100708007812500e+02,8.035177612304687500e+01,2.156261444091796875e+02,6.377790069580078125e+01
2.300000000000000000e+02,1.368325195312500000e+02,5.381660766601562500e+02,9.424880371093750000e+02,5.472735595703125000e+02,8.504877929687500000e+02,8.029853820800781250e+01,2.155818634033203125e+02,6.378561019897460938e+01
2.310000000000000000e+02,1.367867584228515625e+02,5.381798095703125000e+02,9.424880371093750000e+02,5.472735595703125000e+02,8.505527343750000000e+02,8.032495117187500000e+01,2.155818634033203125e+02,6.378561019897460938e+01
2.320000000000000000e+02,1.367218170166015625e+02,5.381346435546875000e+02,9.425103149414062500e+02,5.472861328125000000e+02,8.505781250000000000e+02,8.030962371826171875e+01,2.155818634033203125e+02,6.378561019897460938e+01
2.330000000000000000e+02,1.367957153320312500e+02,5.381280517578125000e+02,9.425103149414062500e+02,5.472861328125000000e+02,8.505781250000000000e+02,8.030962371826171875e+01,2.155818634033203125e+02,6.378561019897460938e+01
2.340000000000000000e+02,1.367957153320312500e+02,5.381280517578125000e+02,9.425103149414062500e+02,5.472861328125000000e+02,8.505914306640625000e+02,8.030129241943359375e+01,2.155818634033203125e+02,6.378561019897460938e+01
2.350000000000000000e+02,1.367943115234375000e+02,5.381335449218750000e+02,9.424552001953125000e+02,5.472641601562500000e+02,8.504082641601562500e+02,8.023704528808593750e+01,2.159280395507812500e+02,6.363014602661132812e+01
2.360000000000000000e+02,1.367543487548828125e+02,5.380957641601562500e+02,9.424613037109375000e+02,5.472825317382812500e+02,8.503316040039062500e+02,8.032780456542968750e+01,2.159280395507812500e+02,6.363014602661132812e+01
2.370000000000000000e+02,1.368158874511718750e+02,5.380226440429687500e+02,9.425148315429687500e+02,5.473068847656250000e+02,8.503316040039062500e+02,8.032780456542968750e+01,2.159280395507812500e+02,6.363014602661132812e+01
2.380000000000000000e+02,1.367784576416015625e+02,5.380189208984375000e+02,9.425148315429687500e+02,5.473068847656250000e+02,8.503620605468750000e+02,8.033056640625000000e+01,2.158818206787109375e+02,6.366307449340820312e+01
2.390000000000000000e+02,1.367784576416015625e+02,5.380189208984375000e+02,9.425148315429687500e+02,5.473068847656250000e+02,8.503773803710937500e+02,8.031321716308593750e+01,2.158818206787109375e+02,6.366307449340820312e+01
2.400000000000000000e+02,1.366058654785156250e+02,5.378958740234375000e+02,9.425148315429687500e+02,5.473068847656250000e+02,8.503620605468750000e+02,8.033056640625000000e+01,2.158818206787109375e+02,6.366307449340820312e+01
2.410000000000000000e+02,1.368621215820312500e+02,5.378243408203125000e+02,9.425148315429687500e+02,5.473068847656250000e+02,8.502478637695312500e+02,8.025369262695312500e+01,2.158818206787109375e+02,6.366307449340820312e+01
2.420000000000000000e+02,1.372495422363281250e+02,5.379573974609375000e+02,9.425024414062500000e+02,5.472947998046875000e+02,8.502478637695312500e+02,8.025369262695312500e+01,2.159731140136718750e+02,6.363584136962890625e+01
2.430000000000000000e+02,1.372495422363281250e+02,5.379573974609375000e+02,9.424896850585937500e+02,5.472876586914062500e+02,8.502478637695312500e+02,8.025369262695312500e+01,2.159579772949218750e+02,6.365553283691406250e+01
2.440000000000000000e+02,1.370139312744140625e+02,5.376654663085937500e+02,9.423817749023437500e+02,5.472409057617187500e+02,8.503319702148437500e+02,8.033367919921875000e+01,2.159738006591796875e+02,6.362627410888671875e+01
2.450000000000000000e+02,1.370902709960937500e+02,5.377276000976562500e+02,9.423466186523437500e+02,5.472504882812500000e+02,8.501705932617187500e+02,8.033777618408203125e+01,2.161999359130859375e+02,6.368302917480468750e+01
2.460000000000000000e+02,1.371554107666015625e+02,5.377495727539062500e+02,9.422604980468750000e+02,5.472041015625000000e+02,8.501705932617187500e+02,8.033777618408203125e+01,2.162153472900390625e+02,6.368407821655273438e+01
2.470000000000000000e+02,1.372057189941406250e+02,5.376768188476562500e+02,9.422243652343750000e+02,5.471770629882812500e+02,8.501705932617187500e+02,8.033777618408203125e+01,2.160213470458984375e+02,6.369489669799804688e+01
2.480000000000000000e+02,1.372525939941406250e+02,5.376359863281250000e+02,9.422184448242187500e+02,5.471846313476562500e+02,8.502083740234375000e+02,8.030621337890625000e+01,2.160141296386718750e+02,6.372246551513671875e+01
2.490000000000000000e+02,1.372928161621093750e+02,5.376463012695312500e+02,9.422243652343750000e+02,5.471770629882812500e+02,8.502083740234375000e+02,8.030621337890625000e+01,2.161641540527343750e+02,6.371562194824218750e+01
2.500000000000000000e+02,1.371087799072265625e+02,5.376836547851562500e+02,9.422243652343750000e+02,5.471770629882812500e+02,8.502083740234375000e+02,8.030621337890625000e+01,2.161641540527343750e+02,6.371562194824218750e+01
2.510000000000000000e+02,1.372311859130859375e+02,5.377279663085937500e+02,9.421985473632812500e+02,5.471117553710937500e+02,8.501914672851562500e+02,8.031267547607421875e+01,2.161915588378906250e+02,6.373015975952148438e+01
3.840000000000000000e+02,1.370107727050781250e+02,5.380958251953125000e+02,9.423494873046875000e+02,5.473666992187500000e+02,8.502528076171875000e+02,8.039122009277343750e+01,2.154600524902343750e+02,6.388126373291015625e+01
3.850000000000000000e+02,1.370668945312500000e+02,5.380996704101562500e+02,9.423739624023437500e+02,5.473500366210937500e+02,8.503126220703125000e+02,8.036576080322265625e+01,2.154600524902343750e+02,6.388126373291015625e+01
3.860000000000000000e+02,1.370583343505859375e+02,5.380928344726562500e+02,9.423739624023437500e+02,5.473500366210937500e+02,8.503126220703125000e+02,8.036576080322265625e+01,2.154600524902343750e+02,6.388126373291015625e+01
3.870000000000000000e+02,1.369862976074218750e+02,5.380530395507812500e+02,9.423459472656250000e+02,5.473505859375000000e+02,8.503154296875000000e+02,8.040954589843750000e+01,2.154501495361328125e+02,6.389956283569335938e+01
3.880000000000000000e+02,1.369862976074218750e+02,5.380530395507812500e+02,9.423459472656250000e+02,5.473505859375000000e+02,8.502382812500000000e+02,8.038118743896484375e+01,2.155091400146484375e+02,6.389912414550781250e+01
3.890000000000000000e+02,1.369862976074218750e+02,5.380530395507812500e+02,9.423218383789062500e+02,5.473651733398437500e+02,8.502382812500000000e+02,8.038118743896484375e+01,2.155091400146484375e+02,6.389912414550781250e+01
3.900000000000000000e+02,1.370583343505859375e+02,5.380928344726562500e+02,9.423218383789062500e+02,5.473651733398437500e+02,8.502979125976562500e+02,8.035571289062500000e+01,2.155091400146484375e+02,6.389912414550781250e+01
3.910000000000000000e+02,1.370583343505859375e+02,5.380928344726562500e+02,9.424190063476562500e+02,5.473817749023437500e+02,8.504109497070312500e+02,8.029585266113281250e+01,2.154883575439453125e+02,6.389410400390625000e+01
3.920000000000000000e+02,1.369820709228515625e+02,5.381174316406250000e+02,9.424930419921875000e+02,5.473422851562500000e+02,8.504109497070312500e+02,8.029585266113281250e+01,2.155047149658203125e+02,6.387363815307617188e+01
3.930000000000000000e+02,1.369820709228515625e+02,5.381174316406250000e+02,9.425221557617187500e+02,5.473482055664062500e+02,8.504256591796875000e+02,8.030577850341796875e+01,2.154730682373046875e+02,6.389447021484375000e+01
3.940000000000000000e+02,1.369824676513671875e+02,5.381445312500000000e+02,9.425051879882812500e+02,5.473533935546875000e+02,8.505063476562500000e+02,8.027021026611328125e+01,2.154451751708984375e+02,6.387509155273437500e+01
3.950000000000000000e+02,1.369803314208984375e+02,5.381687011718750000e+02,9.425051879882812500e+02,5.473533935546875000e+02,8.505974731445312500e+02,8.021781158447265625e+01,2.155117492675781250e+02,6.378414154052734375e+01
3.960000000000000000e+02,1.369965362548828125e+02,5.381505737304687500e+02,9.425221557617187500e+02,5.473482055664062500e+02,8.504935302734375000e+02,8.028014373779296875e+01,2.154807891845703125e+02,6.376033782958984375e+01
3.970000000000000000e+02,1.369965362548828125e+02,5.381505737304687500e+02,9.425051879882812500e+02,5.473533935546875000e+02,8.505169677734375000e+02,8.025337219238281250e+01,2.154515228271484375e+02,6.375850677490234375e+01
3.980000000000000000e+02,1.369612884521484375e+02,5.381835327148437500e+02,9.425323486328125000e+02,5.473508300781250000e+02,8.505169677734375000e+02,8.025337219238281250e+01,2.154515228271484375e+02,6.375850677490234375e+01
3.990000000000000000e+02,1.369612884521484375e+02,5.381835327148437500e+02,9.425153808593750000e+02,5.473560180664062500e+02,8.505169677734375000e+02,8.025337219238281250e+01,2.154209594726562500e+02,6.376998901367187500e+01
4.000000000000000000e+02,1.369774932861328125e+02,5.381654052734375000e+02,9.425153808593750000e+02,5.473560180664062500e+02,8.505169677734375000e+02,8.025337219238281250e+01,2.154679718017578125e+02,6.374090194702148438e+01
4.010000000000000000e+02,1.369967193603515625e+02,5.381494140625000000e+02,9.425153808593750000e+02,5.473560180664062500e+02,8.505329589843750000e+02,8.026185607910156250e+01,2.154679718017578125e+02,6.374090194702148438e+01
4.020000000000000000e+02,1.369967193603515625e+02,5.381494140625000000e+02,9.425153808593750000e+02,5.473560180664062500e+02,8.505329589843750000e+02,8.026185607910156250e+01,2.154679718017578125e+02,6.374090194702148438e+01
4.030000000000000000e+02,1.369532012939453125e+02,5.381222534179687500e+02,9.425153808593750000e+02,5.473560180664062500e+02,8.505329589843750000e+02,8.026185607910156250e+01,2.154679718017578125e+02,6.374090194702148438e+01
4.040000000000000000e+02,1.369519958496093750e+02,5.381380615234375000e+02,9.425153808593750000e+02,5.473560180664062500e+02,8.505329589843750000e+02,8.026185607910156250e+01,2.154679718017578125e+02,6.374090194702148438e+01
4.050000000000000000e+02,1.369519958496093750e+02,5.381380615234375000e+02,9.425153808593750000e+02,5.473560180664062500e+02,8.505329589843750000e+02,8.026185607910156250e+01,2.154963531494140625e+02,6.375346374511718750e+01
4.060000000000000000e+02,1.369329833984375000e+02,5.381517333984375000e+02,9.425153808593750000e+02,5.473560180664062500e+02,8.505329589843750000e+02,8.026185607910156250e+01,2.154493255615234375e+02,6.378265762329101562e+01
4.070000000000000000e+02,1.369329833984375000e+02,5.381517333984375000e+02,9.425153808593750000e+02,5.473560180664062500e+02,8.505329589843750000e+02,8.026185607910156250e+01,2.154493255615234375e+02,6.378265762329101562e+01
4.080000000000000000e+02,1.369329833984375000e+02,5.381517333984375000e+02,9.425153808593750000e+02,5.473560180664062500e+02,8.505329589843750000e+02,8.026185607910156250e+01,2.154493255615234375e+02,6.378265762329101562e+01
4.090000000000000000e+02,1.369329833984375000e+02,5.381517333984375000e+02,9.425153808593750000e+02,5.473560180664062500e+02,8.505630493164062500e+02,8.027029418945312500e+01,2.154493255615234375e+02,6.378265762329101562e+01
4.100000000000000000e+02,1.369329833984375000e+02,5.381517333984375000e+02,9.425153808593750000e+02,5.473560180664062500e+02,8.505630493164062500e+02,8.027029418945312500e+01,2.154493255615234375e+02,6.378265762329101562e+01
4.110000000000000000e+02,1.369329833984375000e+02,5.381517333984375000e+02,9.425323486328125000e+02,5.473508300781250000e+02,8.505630493164062500e+02,8.027029418945312500e+01,2.153922424316406250e+02,6.375631332397460938e+01
4.120000000000000000e+02,1.368736724853515625e+02,5.381781005859375000e+02,9.425903930664062500e+02,5.473640136718750000e+02,8.505159301757812500e+02,8.022441864013671875e+01,2.154390106201171875e+02,6.370522689819335938e+01
4.130000000000000000e+02,1.368736724853515625e+02,5.381781005859375000e+02,9.425903930664062500e+02,5.473640136718750000e+02,8.505453491210937500e+02,8.022683715820312500e+01,2.154390106201171875e+02,6.370522689819335938e+01
4.140000000000000000e+02,1.368736724853515625e+02,5.381781005859375000e+02,9.425903930664062500e+02,5.473640136718750000e+02,8.505453491210937500e+02,8.022683715820312500e+01,2.153469543457031250e+02,6.374695968627929688e+01
4.150000000000000000e+02,1.368736724853515625e+02,5.381781005859375000e+02,9.425903930664062500e+02,5.473640136718750000e+02,8.505453491210937500e+02,8.022683715820312500e+01,2.153469543457031250e+02,6.374695968627929688e+01
4.160000000000000000e+02,1.368736724853515625e+02,5.381781005859375000e+02,9.425903930664062500e+02,5.473640136718750000e+02,8.505453491210937500e+02,8.022683715820312500e+01,2.153469543457031250e+02,6.374695968627929688e+01
4.170000000000000000e+02,1.368899841308593750e+02,5.381600341796875000e+02,9.425903930664062500e+02,5.473640136718750000e+02,8.505453491210937500e+02,8.022683715820312500e+01,2.153469543457031250e+02,6.374695968627929688e+01
4.180000000000000000e+02,1.368926086425781250e+02,5.381667480468750000e+02,9.425903930664062500e+02,5.473640136718750000e+02,8.505453491210937500e+02,8.022683715820312500e+01,2.153366851806640625e+02,6.366331863403320312e+01
4.190000000000000000e+02,1.368836212158203125e+02,5.381605224609375000e+02,9.425714111328125000e+02,5.473613281250000000e+02,8.505453491210937500e+02,8.022683715820312500e+01,2.153366851806640625e+02,6.366331863403320312e+01
4.200000000000000000e+02,1.368926086425781250e+02,5.381667480468750000e+02,9.425714111328125000e+02,5.473613281250000000e+02,8.505966796875000000e+02,8.018187713623046875e+01,2.153058624267578125e+02,6.367297744750976562e+01
4.210000000000000000e+02,1.368736724853515625e+02,5.381781005859375000e+02,9.425903930664062500e+02,5.473640136718750000e+02,8.505453491210937500e+02,8.022683715820312500e+01,2.153058624267578125e+02,6.367297744750976562e+01
4.220000000000000000e+02,1.368736724853515625e+02,5.381781005859375000e+02,9.425714111328125000e+02,5.473613281250000000e+02,8.506846313476562500e+02,8.032034301757812500e+01,2.153186340332031250e+02,6.373208236694335938e+01
4.230000000000000000e+02,1.368736724853515625e+02,5.381781005859375000e+02,9.425714111328125000e+02,5.473613281250000000e+02,8.504770507812500000e+02,8.027963256835937500e+01,2.153186340332031250e+02,6.373208236694335938e+01
4.240000000000000000e+02,1.368810119628906250e+02,5.381538085937500000e+02,9.426459960937500000e+02,5.473562011718750000e+02,8.505453491210937500e+02,8.022683715820312500e+01,2.153186340332031250e+02,6.373208236694335938e+01
4.250000000000000000e+02,1.368736724853515625e+02,5.381781005859375000e+02,9.426746826171875000e+02,5.473608398437500000e+02,8.505453491210937500e+02,8.022683715820312500e+01,2.152882232666015625e+02,6.374147415161132812e+01
4.260000000000000000e+02,1.368538970947265625e+02,5.381966552734375000e+02,9.426746826171875000e+02,5.473608398437500000e+02,8.505000000000000000e+02,8.021527862548828125e+01,2.152882232666015625e+02,6.374147415161132812e+01
4.270000000000000000e+02,1.368538970947265625e+02,5.381966552734375000e+02,9.426911621093750000e+02,5.473493041992187500e+02,8.505000000000000000e+02,8.021527862548828125e+01,2.152814331054687500e+02,6.373318862915039062e+01
4.280000000000000000e+02,1.368538970947265625e+02,5.381966552734375000e+02,9.426746826171875000e+02,5.473608398437500000e+02,8.505000000000000000e+02,8.021527862548828125e+01,2.152963714599609375e+02,6.372338104248046875e+01
4.290000000000000000e+02,1.368538970947265625e+02,5.381966552734375000e+02,9.427163085937500000e+02,5.473388671875000000e+02,8.505000000000000000e+02,8.021527862548828125e+01,2.152814331054687500e+02,6.373318862915039062e+01
4.300000000000000000e+02,1.368324584960937500e+02,5.382222900390625000e+02,9.427096557617187500e+02,5.473477783203125000e+02,8.505459594726562500e+02,8.023449707031250000e+01,2.152963714599609375e+02,6.372338104248046875e+01
4.310000000000000000e+02,1.368324584960937500e+02,5.382222900390625000e+02,9.427096557617187500e+02,5.473477783203125000e+02,8.505459594726562500e+02,8.023449707031250000e+01,2.152963714599609375e+02,6.372338104248046875e+01
4.320000000000000000e+02,1.368513793945312500e+02,5.382120971679687500e+02,9.427096557617187500e+02,5.473477783203125000e+02,8.504220581054687500e+02,8.019075775146484375e+01,2.153098144531250000e+02,6.375854492187500000e+01
4.330000000000000000e+02,1.368513793945312500e+02,5.382120971679687500e+02,9.426829833984375000e+02,5.473577880859375000e+02,8.503903808593750000e+02,8.017844390869140625e+01,2.154291992187500000e+02,6.370691680908203125e+01
4.340000000000000000e+02,1.368703308105468750e+02,5.382007446289062500e+02,9.426663208007812500e+02,5.473640747070312500e+02,8.503903808593750000e+02,8.017844390869140625e+01,2.154517059326171875e+02,6.376942443847656250e+01
4.350000000000000000e+02,1.369291381835937500e+02,5.381203613281250000e+02,9.426522827148437500e+02,5.473455200195312500e+02,8.503903808593750000e+02,8.017844390869140625e+01,2.154517059326171875e+02,6.376942443847656250e+01
4.360000000000000000e+02,1.369291381835937500e+02,5.381203613281250000e+02,9.426147460937500000e+02,5.473433227539062500e+02,8.503903808593750000e+02,8.017844390869140625e+01,2.154594268798828125e+02,6.375144958496093750e+01
4.370000000000000000e+02,1.369279022216796875e+02,5.381361083984375000e+02,9.426607666015625000e+02,5.473430786132812500e+02,8.503903808593750000e+02,8.017844390869140625e+01,2.154594268798828125e+02,6.375144958496093750e+01
4.380000000000000000e+02,1.369116058349609375e+02,5.381542358398437500e+02,9.426629638671875000e+02,5.473519287109375000e+02,8.503903808593750000e+02,8.017844390869140625e+01,2.154736022949218750e+02,6.373138046264648438e+01
4.390000000000000000e+02,1.370559082031250000e+02,5.382117919921875000e+02,9.426820068359375000e+02,5.473534545898437500e+02,8.503903808593750000e+02,8.017844390869140625e+01,2.154594268798828125e+02,6.375144958496093750e+01
4.400000000000000000e+02,1.369279022216796875e+02,5.381361083984375000e+02,9.426820068359375000e+02,5.473534545898437500e+02,8.505865478515625000e+02,8.020507812500000000e+01,2.154513702392578125e+02,6.366885375976562500e+01
4.410000000000000000e+02,1.368026733398437500e+02,5.381409301757812500e+02,9.426828002929687500e+02,5.473986206054687500e+02,8.505922851562500000e+02,8.013894653320312500e+01,2.154052276611328125e+02,6.370660781860351562e+01
4.420000000000000000e+02,1.367834777832031250e+02,5.381536865234375000e+02,9.426544799804687500e+02,5.473967285156250000e+02,8.506215820312500000e+02,8.014117431640625000e+01,2.154218292236328125e+02,6.369749832153320312e+01
4.430000000000000000e+02,1.366925354003906250e+02,5.382227783203125000e+02,9.426837158203125000e+02,5.474027709960937500e+02,8.506215820312500000e+02,8.014117431640625000e+01,2.154218292236328125e+02,6.369749832153320312e+01
4.440000000000000000e+02,1.366925354003906250e+02,5.382227783203125000e+02,9.426837158203125000e+02,5.474027709960937500e+02,8.506375732421875000e+02,8.016028594970703125e+01,2.154218292236328125e+02,6.369749832153320312e+01
4.450000000000000000e+02,1.366757354736328125e+02,5.381870117187500000e+02,9.426176147460937500e+02,5.474006347656250000e+02,8.505339355468750000e+02,8.016815948486328125e+01,2.154074859619140625e+02,6.371755599975585938e+01
4.460000000000000000e+02,1.366855621337890625e+02,5.381396484375000000e+02,9.426270141601562500e+02,5.474025878906250000e+02,8.507212524414062500e+02,8.026667022705078125e+01,2.154074859619140625e+02,6.371755599975585938e+01
4.470000000000000000e+02,1.367309112548828125e+02,5.381149902343750000e+02,9.425883178710937500e+02,5.473945922851562500e+02,8.507515869140625000e+02,8.026921844482421875e+01,2.154444427490234375e+02,6.370601272583007812e+01
4.480000000000000000e+02,1.366788635253906250e+02,5.380769653320312500e+02,9.425883178710937500e+02,5.473945922851562500e+02,8.504724731445312500e+02,8.013584136962890625e+01,2.154727935791015625e+02,6.372069931030273438e+01
4.490000000000000000e+02,1.366814422607421875e+02,5.380449218750000000e+02,9.425420532226562500e+02,5.473500976562500000e+02,8.504840698242187500e+02,8.009806060791015625e+01,2.153969116210937500e+02,6.372877502441406250e+01
4.500000000000000000e+02,1.367548675537109375e+02,5.380408935546875000e+02,9.425420532226562500e+02,5.473500976562500000e+02,8.505648193359375000e+02,8.019171142578125000e+01,2.154880828857421875e+02,6.369306945800781250e+01
4.510000000000000000e+02,1.368824157714843750e+02,5.379902954101562500e+02,9.425420532226562500e+02,5.473500976562500000e+02,8.505648193359375000e+02,8.019171142578125000e+01,2.155491027832031250e+02,6.370536804199218750e+01
4.520000000000000000e+02,1.368096923828125000e+02,5.379501342773437500e+02,9.425330200195312500e+02,5.473519287109375000e+02,8.504724731445312500e+02,8.013584136962890625e+01,2.155325317382812500e+02,6.371454620361328125e+01
4.530000000000000000e+02,1.368028259277343750e+02,5.379354858398437500e+02,9.425330200195312500e+02,5.473519287109375000e+02,8.503320312500000000e+02,8.016980743408203125e+01,2.155491027832031250e+02,6.370536804199218750e+01
4.540000000000000000e+02,1.367117919921875000e+02,5.380033569335937500e+02,9.425005493164062500e+02,5.473325805664062500e+02,8.503320312500000000e+02,8.016980743408203125e+01,2.155327453613281250e+02,6.372557449340820312e+01
4.550000000000000000e+02,1.367117919921875000e+02,5.380033569335937500e+02,9.425005493164062500e+02,5.473325805664062500e+02,8.502371826171875000e+02,8.020858001708984375e+01,2.155614166259765625e+02,6.373817443847656250e+01
4.560000000000000000e+02,1.366837310791015625e+02,5.380379028320312500e+02,9.425005493164062500e+02,5.473325805664062500e+02,8.502538452148437500e+02,8.024761199951171875e+01,2.156116027832031250e+02,6.381108856201171875e+01
4.570000000000000000e+02,1.366837310791015625e+02,5.380379028320312500e+02,9.425005493164062500e+02,5.473325805664062500e+02,8.502227783203125000e+02,8.021311950683593750e+01,2.156116027832031250e+02,6.381108856201171875e+01
4.580000000000000000e+02,1.366837310791015625e+02,5.380379028320312500e+02,9.425005493164062500e+02,5.473325805664062500e+02,8.501848754882812500e+02,8.027302551269531250e+01,2.156116027832031250e+02,6.381108856201171875e+01
4.590000000000000000e+02,1.367216339111328125e+02,5.379861450195312500e+02,9.425005493164062500e+02,5.473325805664062500e+02,8.502518920898437500e+02,8.021955108642578125e+01,2.156277313232421875e+02,6.379075622558593750e+01
4.600000000000000000e+02,1.367216339111328125e+02,5.379861450195312500e+02,9.424849853515625000e+02,5.473444824218750000e+02,8.502227783203125000e+02,8.021311950683593750e+01,2.156181640625000000e+02,6.380889892578125000e+01
4.610000000000000000e+02,1.366837310791015625e+02,5.380379028320312500e+02,9.424849853515625000e+02,5.473444824218750000e+02,8.501560668945312500e+02,8.026653289794921875e+01,2.156181640625000000e+02,6.380889892578125000e+01
4.620000000000000000e+02,1.367117919921875000e+02,5.380033569335937500e+02,9.424849853515625000e+02,5.473444824218750000e+02,8.501560668945312500e+02,8.026653289794921875e+01,2.156181640625000000e+02,6.380889892578125000e+01
4.630000000000000000e+02,1.367117919921875000e+02,5.380033569335937500e+02,9.424640502929687500e+02,5.473352050781250000e+02,8.501560668945312500e+02,8.026653289794921875e+01,2.156181640625000000e+02,6.380889892578125000e+01
4.640000000000000000e+02,1.367117919921875000e+02,5.380033569335937500e+02,9.424219970703125000e+02,5.473499755859375000e+02,8.501273803710937500e+02,8.026799011230468750e+01,2.155509185791015625e+02,6.379926681518554688e+01
4.650000000000000000e+02,1.366563568115234375e+02,5.381605224609375000e+02,9.424385375976562500e+02,5.473425903320312500e+02,8.502864990234375000e+02,8.027014160156250000e+01,2.155509185791015625e+02,6.379926681518554688e+01
4.660000000000000000e+02,1.367568969726562500e+02,5.380600585937500000e+02,9.424593505859375000e+02,5.473518676757812500e+02,8.502864990234375000e+02,8.027014160156250000e+01,2.155509185791015625e+02,6.379926681518554688e+01
4.670000000000000000e+02,1.366744079589843750e+02,5.381726074218750000e+02,9.424428100585937500e+02,5.473633422851562500e+02,8.502864990234375000e+02,8.027014160156250000e+01,2.155509185791015625e+02,6.379926681518554688e+01
4.680000000000000000e+02,1.367749481201171875e+02,5.380720214843750000e+02,9.424475097656250000e+02,5.473466796875000000e+02,8.501937255859375000e+02,8.021469116210937500e+01,2.155509185791015625e+02,6.379926681518554688e+01
4.690000000000000000e+02,1.367512969970703125e+02,5.379484252929687500e+02,9.425056762695312500e+02,5.473240966796875000e+02,8.501937255859375000e+02,8.021469116210937500e+01,2.155411224365234375e+02,6.381754684448242188e+01
4.700000000000000000e+02,1.369150390625000000e+02,5.378890991210937500e+02,9.424681396484375000e+02,5.473259277343750000e+02,8.501224975585937500e+02,8.024907684326171875e+01,2.155721130371093750e+02,6.380390167236328125e+01
6.450000000000000000e+02,1.368637542724609375e+02,5.380827026367187500e+02,9.424328613281250000e+02,5.473612670898437500e+02,8.503159179687500000e+02,8.026867675781250000e+01,2.154652099609375000e+02,6.381858062744140625e+01
6.460000000000000000e+02,1.368224487304687500e+02,5.382009277343750000e+02,9.424328613281250000e+02,5.473612670898437500e+02,8.503453979492187500e+02,8.027526092529296875e+01,2.154652099609375000e+02,6.381858062744140625e+01
6.470000000000000000e+02,1.368224487304687500e+02,5.382009277343750000e+02,9.424219970703125000e+02,5.473540649414062500e+02,8.503618164062500000e+02,8.028068542480468750e+01,2.154652099609375000e+02,6.381858062744140625e+01
6.480000000000000000e+02,1.369688110351562500e+02,5.381094360351562500e+02,9.424583129882812500e+02,5.473535766601562500e+02,8.504049072265625000e+02,8.042271423339843750e+01,2.152812042236328125e+02,6.394456863403320312e+01
6.490000000000000000e+02,1.369688110351562500e+02,5.381094360351562500e+02,9.424583129882812500e+02,5.473535766601562500e+02,8.504973144531250000e+02,8.045977020263671875e+01,2.152937774658203125e+02,6.392600631713867188e+01
6.500000000000000000e+02,1.369497070312500000e+02,5.381255493164062500e+02,9.424583129882812500e+02,5.473535766601562500e+02,8.503887329101562500e+02,8.041691589355468750e+01,2.152937774658203125e+02,6.392600631713867188e+01
6.510000000000000000e+02,1.370019226074218750e+02,5.381804199218750000e+02,9.424583129882812500e+02,5.473535766601562500e+02,8.504744262695312500e+02,8.036954498291015625e+01,2.152937774658203125e+02,6.392600631713867188e+01
6.520000000000000000e+02,1.370019226074218750e+02,5.381804199218750000e+02,9.424583129882812500e+02,5.473535766601562500e+02,8.503779907226562500e+02,8.029405975341796875e+01,2.152937774658203125e+02,6.392600631713867188e+01
6.530000000000000000e+02,1.370019226074218750e+02,5.381804199218750000e+02,9.424583129882812500e+02,5.473535766601562500e+02,8.504326171875000000e+02,8.027281951904296875e+01,2.152937774658203125e+02,6.392600631713867188e+01
6.540000000000000000e+02,1.369891967773437500e+02,5.382132568359375000e+02,9.424939575195312500e+02,5.473425903320312500e+02,8.506222534179687500e+02,8.027932739257812500e+01,2.153040924072265625e+02,6.390752792358398438e+01
6.550000000000000000e+02,1.370054168701171875e+02,5.382268676757812500e+02,9.424939575195312500e+02,5.473425903320312500e+02,8.506222534179687500e+02,8.027932739257812500e+01,2.153040924072265625e+02,6.390752792358398438e+01
6.560000000000000000e+02,1.369338836669921875e+02,5.381869506835937500e+02,9.424939575195312500e+02,5.473425903320312500e+02,8.505925903320312500e+02,8.027678680419921875e+01,2.153040924072265625e+02,6.390752792358398438e+01
6.570000000000000000e+02,1.369253234863281250e+02,5.381835937500000000e+02,9.424939575195312500e+02,5.473425903320312500e+02,8.506222534179687500e+02,8.027932739257812500e+01,2.153234863281250000e+02,6.385630798339843750e+01
6.580000000000000000e+02,1.369310455322265625e+02,5.381983642578125000e+02,9.424930419921875000e+02,5.473422851562500000e+02,8.505453491210937500e+02,8.022683715820312500e+01,2.153234863281250000e+02,6.385630798339843750e+01
6.590000000000000000e+02,1.369205017089843750e+02,5.382154541015625000e+02,9.424930419921875000e+02,5.473422851562500000e+02,8.504664916992187500e+02,8.015439605712890625e+01,2.153234863281250000e+02,6.385630798339843750e+01
6.600000000000000000e+02,1.368314819335937500e+02,5.381786499023437500e+02,9.424930419921875000e+02,5.473422851562500000e+02,8.504664916992187500e+02,8.015439605712890625e+01,2.152976379394531250e+02,6.378440093994140625e+01
6.610000000000000000e+02,1.368041076660156250e+02,5.382133178710937500e+02,9.424930419921875000e+02,5.473422851562500000e+02,8.504664916992187500e+02,8.015439605712890625e+01,2.152843475341796875e+02,6.377679443359375000e+01
6.620000000000000000e+02,1.368041076660156250e+02,5.382133178710937500e+02,9.424930419921875000e+02,5.473422851562500000e+02,8.504664916992187500e+02,8.015439605712890625e+01,2.152843475341796875e+02,6.377679443359375000e+01
6.630000000000000000e+02,1.368041076660156250e+02,5.382133178710937500e+02,9.424930419921875000e+02,5.473422851562500000e+02,8.504664916992187500e+02,8.015439605712890625e+01,2.152843475341796875e+02,6.377679443359375000e+01
6.640000000000000000e+02,1.367136688232421875e+02,5.381998291015625000e+02,9.424930419921875000e+02,5.473422851562500000e+02,8.504664916992187500e+02,8.015439605712890625e+01,2.152843475341796875e+02,6.377679443359375000e+01
6.650000000000000000e+02,1.367601470947265625e+02,5.381806640625000000e+02,9.424930419921875000e+02,5.473422851562500000e+02,8.504664916992187500e+02,8.015439605712890625e+01,2.152843475341796875e+02,6.377679443359375000e+01
6.660000000000000000e+02,1.367601470947265625e+02,5.381806640625000000e+02,9.425611572265625000e+02,5.473563842773437500e+02,8.504664916992187500e+02,8.015439605712890625e+01,2.152843475341796875e+02,6.377679443359375000e+01
6.670000000000000000e+02,1.367601470947265625e+02,5.381806640625000000e+02,9.425611572265625000e+02,5.473563842773437500e+02,8.505581054687500000e+02,8.020993804931640625e+01,2.152843475341796875e+02,6.377679443359375000e+01
6.680000000000000000e+02,1.367601470947265625e+02,5.381806640625000000e+02,9.425611572265625000e+02,5.473563842773437500e+02,8.505581054687500000e+02,8.020993804931640625e+01,2.152843475341796875e+02,6.377679443359375000e+01
6.690000000000000000e+02,1.367041778564453125e+02,5.381675415039062500e+02,9.425510253906250000e+02,5.473545532226562500e+02,8.506543579101562500e+02,8.029183197021484375e+01,2.152561492919921875e+02,6.376185226440429688e+01
6.700000000000000000e+02,1.366851043701171875e+02,5.381791381835937500e+02,9.425510253906250000e+02,5.473545532226562500e+02,8.506543579101562500e+02,8.029183197021484375e+01,2.153409881591796875e+02,6.372677612304687500e+01
6.710000000000000000e+02,1.364762725830078125e+02,5.383426513671875000e+02,9.425764770507812500e+02,5.473398437500000000e+02,8.506543579101562500e+02,8.029183197021484375e+01,2.153329620361328125e+02,6.374479675292968750e+01
6.720000000000000000e+02,1.358534698486328125e+02,5.384624023437500000e+02,9.425386352539062500e+02,5.473323974609375000e+02,8.505453491210937500e+02,8.022683715820312500e+01,2.152794189453125000e+02,6.374426269531250000e+01
6.730000000000000000e+02,1.358345642089843750e+02,5.384692382812500000e+02,9.425578613281250000e+02,5.473361206054687500e+02,8.505326538085937500e+02,8.023464965820312500e+01,2.152794189453125000e+02,6.374426269531250000e+01
6.740000000000000000e+02,1.358345642089843750e+02,5.384692382812500000e+02,9.425311889648437500e+02,5.473450317382812500e+02,8.505326538085937500e+02,8.023464965820312500e+01,2.152486267089843750e+02,6.374151229858398438e+01
6.750000000000000000e+02,1.358345642089843750e+02,5.384692382812500000e+02,9.426514892578125000e+02,5.473875122070312500e+02,8.506254882812500000e+02,8.029116821289062500e+01,2.152486267089843750e+02,6.374151229858398438e+01
6.760000000000000000e+02,1.358345642089843750e+02,5.384692382812500000e+02,9.426677856445312500e+02,5.473759765625000000e+02,8.506254882812500000e+02,8.029116821289062500e+01,2.152185821533203125e+02,6.374863433837890625e+01
6.770000000000000000e+02,1.358345642089843750e+02,5.384692382812500000e+02,9.426514892578125000e+02,5.473875122070312500e+02,8.506254882812500000e+02,8.029116821289062500e+01,2.152185821533203125e+02,6.374863433837890625e+01
6.780000000000000000e+02,1.360229034423828125e+02,5.385578613281250000e+02,9.425663452148437500e+02,5.473767089843750000e+02,8.507929687500000000e+02,8.034907531738281250e+01,2.152445678710937500e+02,6.379746246337890625e+01
6.790000000000000000e+02,1.360138244628906250e+02,5.386320800781250000e+02,9.425663452148437500e+02,5.473767089843750000e+02,8.507929687500000000e+02,8.034907531738281250e+01,2.152445678710937500e+02,6.379746246337890625e+01
6.800000000000000000e+02,1.360404815673828125e+02,5.385634765625000000e+02,9.425663452148437500e+02,5.473767089843750000e+02,8.507929687500000000e+02,8.034907531738281250e+01,2.152445678710937500e+02,6.379746246337890625e+01
6.810000000000000000e+02,1.360783081054687500e+02,5.385465698242187500e+02,9.425663452148437500e+02,5.473767089843750000e+02,8.504799194335937500e+02,8.016501617431640625e+01,2.152722625732421875e+02,6.378298950195312500e+01
6.820000000000000000e+02,1.366463775634765625e+02,5.383971557617187500e+02,9.425988769531250000e+02,5.473961181640625000e+02,8.503023681640625000e+02,8.016551208496093750e+01,2.153023681640625000e+02,6.377595520019531250e+01
6.830000000000000000e+02,1.359981536865234375e+02,5.385669555664062500e+02,9.425375976562500000e+02,5.473687744140625000e+02,8.503023681640625000e+02,8.016551208496093750e+01,2.152735290527343750e+02,6.377862930297851562e+01
6.840000000000000000e+02,1.363162841796875000e+02,5.383695068359375000e+02,9.424849853515625000e+02,5.473444824218750000e+02,8.503482055664062500e+02,8.017524719238281250e+01,2.152558746337890625e+02,6.380469894409179688e+01
6.850000000000000000e+02,1.364111785888671875e+02,5.383220214843750000e+02,9.424849853515625000e+02,5.473444824218750000e+02,8.502024536132812500e+02,8.024950408935546875e+01,2.152558746337890625e+02,6.380469894409179688e+01
6.860000000000000000e+02,1.364111785888671875e+02,5.383220214843750000e+02,9.424849853515625000e+02,5.473444824218750000e+02,8.501724243164062500e+02,8.027188873291015625e+01,2.152558746337890625e+02,6.380469894409179688e+01
6.870000000000000000e+02,1.364992675781250000e+02,5.381040039062500000e+02,9.424849853515625000e+02,5.473444824218750000e+02,8.501560668945312500e+02,8.026653289794921875e+01,2.152558746337890625e+02,6.380469894409179688e+01
6.880000000000000000e+02,1.364619140625000000e+02,5.380949707031250000e+02,9.424462280273437500e+02,5.473433227539062500e+02,8.501848754882812500e+02,8.027302551269531250e+01,2.152691650390625000e+02,6.381224822998046875e+01
6.890000000000000000e+02,1.366631622314453125e+02,5.381244506835937500e+02,9.424253540039062500e+02,5.473340454101562500e+02,8.501848754882812500e+02,8.027302551269531250e+01,2.152691650390625000e+02,6.381224822998046875e+01
6.900000000000000000e+02,1.368114776611328125e+02,5.381521606445312500e+02,9.424295043945312500e+02,5.473482666015625000e+02,8.501848754882812500e+02,8.027302551269531250e+01,2.152691650390625000e+02,6.381224822998046875e+01
6.910000000000000000e+02,1.368114776611328125e+02,5.381521606445312500e+02,9.424295043945312500e+02,5.473482666015625000e+02,8.501848754882812500e+02,8.027302551269531250e+01,2.153231201171875000e+02,6.386506271362304688e+01
6.920000000000000000e+02,1.366628265380859375e+02,5.380924072265625000e+02,9.424295043945312500e+02,5.473482666015625000e+02,8.501848754882812500e+02,8.027302551269531250e+01,2.153512420654296875e+02,6.387792587280273438e+01
6.930000000000000000e+02,1.365701293945312500e+02,5.380368041992187500e+02,9.424295043945312500e+02,5.473482666015625000e+02,8.501848754882812500e+02,8.027302551269531250e+01,2.153278045654296875e+02,6.381583786010742188e+01
6.940000000000000000e+02,1.365713348388671875e+02,5.380540161132812500e+02,9.424107666015625000e+02,5.473486938476562500e+02,8.501848754882812500e+02,8.027302551269531250e+01,2.153512420654296875e+02,6.387792587280273438e+01
6.950000000000000000e+02,1.365685882568359375e+02,5.381640625000000000e+02,9.424107666015625000e+02,5.473486938476562500e+02,8.501848754882812500e+02,8.027302551269531250e+01,2.153512420654296875e+02,6.387792587280273438e+01
6.960000000000000000e+02,1.365685882568359375e+02,5.381640625000000000e+02,9.423897705078125000e+02,5.473390502929687500e+02,8.501848754882812500e+02,8.027302551269531250e+01,2.153512420654296875e+02,6.387792587280273438e+01
6.970000000000000000e+02,1.367017364501953125e+02,5.381842041015625000e+02,9.423897705078125000e+02,5.473390502929687500e+02,8.501848754882812500e+02,8.027302551269531250e+01,2.153512420654296875e+02,6.387792587280273438e+01
6.980000000000000000e+02,1.362358093261718750e+02,5.378125610351562500e+02,9.423897705078125000e+02,5.473390502929687500e+02,8.501232299804687500e+02,8.025315093994140625e+01,2.153512420654296875e+02,6.387792587280273438e+01
6.990000000000000000e+02,1.362464904785156250e+02,5.377307739257812500e+02,9.423897705078125000e+02,5.473390502929687500e+02,8.501531982421875000e+02,8.023064422607421875e+01,2.153512420654296875e+02,6.387792587280273438e+01
7.000000000000000000e+02,1.362464904785156250e+02,5.377307739257812500e+02,9.423897705078125000e+02,5.473390502929687500e+02,8.501531982421875000e+02,8.023064422607421875e+01,2.153512420654296875e+02,6.387792587280273438e+01
7.010000000000000000e+02,1.358019714355468750e+02,5.377493286132812500e+02,9.423724365234375000e+02,5.473446044921875000e+02,8.498723754882812500e+02,8.023852539062500000e+01,2.153794860839843750e+02,6.388864517211914062e+01
7.020000000000000000e+02,1.358173522949218750e+02,5.377158813476562500e+02,9.423514404296875000e+02,5.473350219726562500e+02,8.499010009765625000e+02,8.023699188232421875e+01,2.153794860839843750e+02,6.388864517211914062e+01
7.030000000000000000e+02,1.357010040283203125e+02,5.376612548828125000e+02,9.423514404296875000e+02,5.473350219726562500e+02,8.499639282226562500e+02,8.029457092285156250e+01,2.153794860839843750e+02,6.388864517211914062e+01
7.040000000000000000e+02,1.357010040283203125e+02,5.376612548828125000e+02,9.423514404296875000e+02,5.473350219726562500e+02,8.499190063476562500e+02,8.028091430664062500e+01,2.154630279541015625e+02,6.384043884277343750e+01
7.050000000000000000e+02,1.356888580322265625e+02,5.376797485351562500e+02,9.423213500976562500e+02,5.473274536132812500e+02,8.499234619140625000e+02,8.023094940185546875e+01,2.154740447998046875e+02,6.383845138549804688e+01
7.060000000000000000e+02,1.359915618896484375e+02,5.378769531250000000e+02,9.423424072265625000e+02,5.473377685546875000e+02,8.498539428710937500e+02,8.024864959716796875e+01,2.154100646972656250e+02,6.387738800048828125e+01
7.070000000000000000e+02,1.368175506591796875e+02,5.379839477539062500e+02,9.423833618164062500e+02,5.473018188476562500e+02,8.498743896484375000e+02,8.018499755859375000e+01,2.154739532470703125e+02,6.383825302124023438e+01
7.080000000000000000e+02,1.368175506591796875e+02,5.379839477539062500e+02,9.423833618164062500e+02,5.473018188476562500e+02,8.498743896484375000e+02,8.018499755859375000e+01,2.154739532470703125e+02,6.383825302124023438e+01
7.090000000000000000e+02,1.368175506591796875e+02,5.379839477539062500e+02,9.423833618164062500e+02,5.473018188476562500e+02,8.498743896484375000e+02,8.018499755859375000e+01,2.154739532470703125e+02,6.383825302124023438e+01
7.100000000000000000e+02,1.368175506591796875e+02,5.379839477539062500e+02,9.423833618164062500e+02,5.473018188476562500e+02,8.499196166992187500e+02,8.019850158691406250e+01,2.154739532470703125e+02,6.383825302124023438e+01
8.400000000000000000e+02,1.361768798828125000e+02,5.381665649414062500e+02,9.424362182617187500e+02,5.473413085937500000e+02,8.500848388671875000e+02,8.021919250488281250e+01,2.153531341552734375e+02,6.388156890869140625e+01
8.410000000000000000e+02,1.362126159667968750e+02,5.381901245117187500e+02,9.423758544921875000e+02,5.473597412109375000e+02,8.501787109375000000e+02,8.024598693847656250e+01,2.153420562744140625e+02,6.381897354125976562e+01
8.420000000000000000e+02,1.364949188232421875e+02,5.381466674804687500e+02,9.423695068359375000e+02,5.473695068359375000e+02,8.502241210937500000e+02,8.026063537597656250e+01,2.153672027587890625e+02,6.388972854614257812e+01
8.430000000000000000e+02,1.366972045898437500e+02,5.380377807617187500e+02,9.424462890625000000e+02,5.473406982421875000e+02,8.501746215820312500e+02,8.018663024902343750e+01,2.153672027587890625e+02,6.388972854614257812e+01
8.440000000000000000e+02,1.366972045898437500e+02,5.380377807617187500e+02,9.424298095703125000e+02,5.473510742187500000e+02,8.503320312500000000e+02,8.016980743408203125e+01,2.153061828613281250e+02,6.387839126586914062e+01
8.450000000000000000e+02,1.363489990234375000e+02,5.381472778320312500e+02,9.424894409179687500e+02,5.473656005859375000e+02,8.503023681640625000e+02,8.016155242919921875e+01,2.152797088623046875e+02,6.383876800537109375e+01
8.460000000000000000e+02,1.367351379394531250e+02,5.380096435546875000e+02,9.424894409179687500e+02,5.473656005859375000e+02,8.503320312500000000e+02,8.016980743408203125e+01,2.152797088623046875e+02,6.383876800537109375e+01
8.470000000000000000e+02,1.368600616455078125e+02,5.380853271484375000e+02,9.424894409179687500e+02,5.473656005859375000e+02,8.503320312500000000e+02,8.016980743408203125e+01,2.152797088623046875e+02,6.383876800537109375e+01
8.480000000000000000e+02,1.368435516357421875e+02,5.381035156250000000e+02,9.424894409179687500e+02,5.473656005859375000e+02,8.503023681640625000e+02,8.016155242919921875e+01,2.152797088623046875e+02,6.383876800537109375e+01
8.490000000000000000e+02,1.368435516357421875e+02,5.381035156250000000e+02,9.424684448242187500e+02,5.473559570312500000e+02,8.503320312500000000e+02,8.016980743408203125e+01,2.152559356689453125e+02,6.377692413330078125e+01
8.500000000000000000e+02,1.368626556396484375e+02,5.380872802734375000e+02,9.425213012695312500e+02,5.473117675781250000e+02,8.503023681640625000e+02,8.016155242919921875e+01,2.152559356689453125e+02,6.377692413330078125e+01
8.510000000000000000e+02,1.368626556396484375e+02,5.380872802734375000e+02,9.425213012695312500e+02,5.473117675781250000e+02,8.504265747070312500e+02,8.024308776855468750e+01,2.152559356689453125e+02,6.377692413330078125e+01
8.520000000000000000e+02,1.368626556396484375e+02,5.380872802734375000e+02,9.425213012695312500e+02,5.473117675781250000e+02,8.504265747070312500e+02,8.024308776855468750e+01,2.152861328125000000e+02,6.376765441894531250e+01
8.530000000000000000e+02,1.368345031738281250e+02,5.380972290039062500e+02,9.425303344726562500e+02,5.473098754882812500e+02,8.505375366210937500e+02,8.028162384033203125e+01,2.152861328125000000e+02,6.376765441894531250e+01
8.540000000000000000e+02,1.369790496826171875e+02,5.382306518554687500e+02,9.425426635742187500e+02,5.473576049804687500e+02,8.504888305664062500e+02,7.997408294677734375e+01,2.152622985839843750e+02,6.366814804077148438e+01
8.550000000000000000e+02,1.369790496826171875e+02,5.382306518554687500e+02,9.425261840820312500e+02,5.473691406250000000e+02,8.506263427734375000e+02,8.007677459716796875e+01,2.152622985839843750e+02,6.366814804077148438e+01
8.560000000000000000e+02,1.369762115478515625e+02,5.382558593750000000e+02,9.425096435546875000e+02,5.473754272460937500e+02,8.505969238281250000e+02,8.006679534912109375e+01,2.152705841064453125e+02,6.365005493164062500e+01
8.570000000000000000e+02,1.369033660888671875e+02,5.382732543945312500e+02,9.426729736328125000e+02,5.473677978515625000e+02,8.505338134765625000e+02,7.999610137939453125e+01,2.152578277587890625e+02,6.365303802490234375e+01
8.580000000000000000e+02,1.368904876708984375e+02,5.383060913085937500e+02,9.426042480468750000e+02,5.473801879882812500e+02,8.506768798828125000e+02,8.013861083984375000e+01,2.152660827636718750e+02,6.363505935668945312e+01
8.590000000000000000e+02,1.368716430664062500e+02,5.383137817382812500e+02,9.426328125000000000e+02,5.473847045898437500e+02,8.505969238281250000e+02,8.006679534912109375e+01,2.152720947265625000e+02,6.361716079711914062e+01
8.600000000000000000e+02,1.368964843750000000e+02,5.383363647460937500e+02,9.426328125000000000e+02,5.473847045898437500e+02,8.505338134765625000e+02,8.012865447998046875e+01,2.152720947265625000e+02,6.361716079711914062e+01
8.610000000000000000e+02,1.369257507324218750e+02,5.383105468750000000e+02,9.425729980468750000e+02,5.473684692382812500e+02,8.504890747070312500e+02,8.011697387695312500e+01,2.152660827636718750e+02,6.363505935668945312e+01
8.620000000000000000e+02,1.369600677490234375e+02,5.382431030273437500e+02,9.425599975585937500e+02,5.473963623046875000e+02,8.503829956054687500e+02,8.009411621093750000e+01,2.152251739501953125e+02,6.367774200439453125e+01
8.630000000000000000e+02,1.369980773925781250e+02,5.382171020507812500e+02,9.425096435546875000e+02,5.473754272460937500e+02,8.503073120117187500e+02,8.006374359130859375e+01,2.152866058349609375e+02,6.378660964965820312e+01
8.640000000000000000e+02,1.369799957275390625e+02,5.382223510742187500e+02,9.425096435546875000e+02,5.473754272460937500e+02,8.503844604492187500e+02,8.013504028320312500e+01,2.152866058349609375e+02,6.378660964965820312e+01
8.650000000000000000e+02,1.369622344970703125e+02,5.381751708984375000e+02,9.425096435546875000e+02,5.473754272460937500e+02,8.503023681640625000e+02,8.017738342285156250e+01,2.152757263183593750e+02,6.370345687866210938e+01
8.660000000000000000e+02,1.366242675781250000e+02,5.381489868164062500e+02,9.425995483398437500e+02,5.473643188476562500e+02,8.505613403320312500e+02,8.027498626708984375e+01,2.152489929199218750e+02,6.373056030273437500e+01
8.670000000000000000e+02,1.365863647460937500e+02,5.381709594726562500e+02,9.425770874023437500e+02,5.473880004882812500e+02,8.505613403320312500e+02,8.027498626708984375e+01,2.152189483642578125e+02,6.373551940917968750e+01
8.680000000000000000e+02,1.364406127929687500e+02,5.383598632812500000e+02,9.426581420898437500e+02,5.473732299804687500e+02,8.504810180664062500e+02,8.020092773437500000e+01,2.153243255615234375e+02,6.368756866455078125e+01
8.690000000000000000e+02,1.364601593017578125e+02,5.383347167968750000e+02,9.427001342773437500e+02,5.473898925781250000e+02,8.504178466796875000e+02,8.012805175781250000e+01,2.152259674072265625e+02,6.363220977783203125e+01
8.700000000000000000e+02,1.365555572509765625e+02,5.385347290039062500e+02,9.427042846679687500e+02,5.473740844726562500e+02,8.504810180664062500e+02,8.006520080566406250e+01,2.153103027343750000e+02,6.367962646484375000e+01
8.710000000000000000e+02,1.368760681152343750e+02,5.383904418945312500e+02,9.426816406250000000e+02,5.473914184570312500e+02,8.504810180664062500e+02,8.006520080566406250e+01,2.153021087646484375e+02,6.360711669921875000e+01
8.720000000000000000e+02,1.364035949707031250e+02,5.384320678710937500e+02,9.426491088867187500e+02,5.473721313476562500e+02,8.504810180664062500e+02,8.020092773437500000e+01,2.153103027343750000e+02,6.367962646484375000e+01
8.730000000000000000e+02,1.364340057373046875e+02,5.384224243164062500e+02,9.426491088867187500e+02,5.473721313476562500e+02,8.505150146484375000e+02,8.016967010498046875e+01,2.152487487792968750e+02,6.371326065063476562e+01
8.740000000000000000e+02,1.364892730712890625e+02,5.384766235351562500e+02,9.426683349609375000e+02,5.473758544921875000e+02,8.506541137695312500e+02,8.020953369140625000e+01,2.152944946289062500e+02,6.368716430664062500e+01
8.750000000000000000e+02,1.364727935791015625e+02,5.384033813476562500e+02,9.427009277343750000e+02,5.473952026367187500e+02,8.506198730468750000e+02,8.010583496093750000e+01,2.152944946289062500e+02,6.368716430664062500e+01
8.760000000000000000e+02,1.366573333740234375e+02,5.384799804687500000e+02,9.427009277343750000e+02,5.473952026367187500e+02,8.506838989257812500e+02,8.021193695068359375e+01,2.152944946289062500e+02,6.368716430664062500e+01
8.770000000000000000e+02,1.365236968994140625e+02,5.383536987304687500e+02,9.426683349609375000e+02,5.473758544921875000e+02,8.507145996093750000e+02,8.018081665039062500e+01,2.152966918945312500e+02,6.369683837890625000e+01
8.780000000000000000e+02,1.365329742431640625e+02,5.382858886718750000e+02,9.426504516601562500e+02,5.473819580078125000e+02,8.506986694335937500e+02,8.017733001708984375e+01,2.153124847412109375e+02,6.368931961059570312e+01
8.790000000000000000e+02,1.364230194091796875e+02,5.383287963867187500e+02,9.426146240234375000e+02,5.473855590820312500e+02,8.505148315429687500e+02,8.015421295166015625e+01,2.153001861572265625e+02,6.370919036865234375e+01
8.800000000000000000e+02,1.364624328613281250e+02,5.382450561523437500e+02,9.426199951171875000e+02,5.473673095703125000e+02,8.505148315429687500e+02,8.015421295166015625e+01,2.153001861572265625e+02,6.370919036865234375e+01
8.810000000000000000e+02,1.362419281005859375e+02,5.382300415039062500e+02,9.426199951171875000e+02,5.473673095703125000e+02,8.505218505859375000e+02,8.014549255371093750e+01,2.152446899414062500e+02,6.374918746948242188e+01
8.820000000000000000e+02,1.362320556640625000e+02,5.382044677734375000e+02,9.425872802734375000e+02,5.473913574218750000e+02,8.505148315429687500e+02,8.015421295166015625e+01,2.152446899414062500e+02,6.374918746948242188e+01
8.830000000000000000e+02,1.363640899658203125e+02,5.382579956054687500e+02,9.425756225585937500e+02,5.473817138671875000e+02,8.504215087890625000e+02,8.011868286132812500e+01,2.152722320556640625e+02,6.373463439941406250e+01
8.840000000000000000e+02,1.366286010742187500e+02,5.385117797851562500e+02,9.426502075195312500e+02,5.473352050781250000e+02,8.506102905273437500e+02,8.020533752441406250e+01,2.152525329589843750e+02,6.382318878173828125e+01
8.850000000000000000e+02,1.362510681152343750e+02,5.383220214843750000e+02,9.426502075195312500e+02,5.473352050781250000e+02,8.506102905273437500e+02,8.020533752441406250e+01,2.152525329589843750e+02,6.382318878173828125e+01
8.860000000000000000e+02,1.364658203125000000e+02,5.387060546875000000e+02,9.426753540039062500e+02,5.473248291015625000e+02,8.506102905273437500e+02,8.020533752441406250e+01,2.152525329589843750e+02,6.382318878173828125e+01
8.870000000000000000e+02,1.364563140869140625e+02,5.386383666992187500e+02,9.426335449218750000e+02,5.473414916992187500e+02,8.506173095703125000e+02,8.019675445556640625e+01,2.152525329589843750e+02,6.382318878173828125e+01
8.880000000000000000e+02,1.365044555664062500e+02,5.386481933593750000e+02,9.426149902343750000e+02,5.473407592773437500e+02,8.505521240234375000e+02,8.015746307373046875e+01,2.152525329589843750e+02,6.382318878173828125e+01
8.890000000000000000e+02,1.364009857177734375e+02,5.385807495117187500e+02,9.425830078125000000e+02,5.473193969726562500e+02,8.505521240234375000e+02,8.015746307373046875e+01,2.152606658935546875e+02,6.380513381958007812e+01
8.900000000000000000e+02,1.363533020019531250e+02,5.385701904296875000e+02,9.425230102539062500e+02,5.473485717773437500e+02,8.505521240234375000e+02,8.015746307373046875e+01,2.152368011474609375e+02,6.374316787719726562e+01
8.910000000000000000e+02,1.363533020019531250e+02,5.385701904296875000e+02,9.425386962890625000e+02,5.473366699218750000e+02,8.506683959960937500e+02,8.024182891845703125e+01,2.152368011474609375e+02,6.374316787719726562e+01
8.920000000000000000e+02,1.363533020019531250e+02,5.385701904296875000e+02,9.425005493164062500e+02,5.473325805664062500e+02,8.506683959960937500e+02,8.024182891845703125e+01,2.152368011474609375e+02,6.374316787719726562e+01
8.930000000000000000e+02,1.362644805908203125e+02,5.385118408203125000e+02,9.425664062500000000e+02,5.473320312500000000e+02,8.507120971679687500e+02,8.032060241699218750e+01,2.152368011474609375e+02,6.374316787719726562e+01
8.940000000000000000e+02,1.362644805908203125e+02,5.385118408203125000e+02,9.425372924804687500e+02,5.473261108398437500e+02,8.505954589843750000e+02,8.023551177978515625e+01,2.152368011474609375e+02,6.374316787719726562e+01
8.950000000000000000e+02,1.363448181152343750e+02,5.385539550781250000e+02,9.425372924804687500e+02,5.473261108398437500e+02,8.505883789062500000e+02,8.024412536621093750e+01,2.152368011474609375e+02,6.374316787719726562e+01
8.960000000000000000e+02,1.363562316894531250e+02,5.384758300781250000e+02,9.425372924804687500e+02,5.473261108398437500e+02,8.504934082031250000e+02,8.018646240234375000e+01,2.152368011474609375e+02,6.374316787719726562e+01
8.970000000000000000e+02,1.363562316894531250e+02,5.384758300781250000e+02,9.425372924804687500e+02,5.473261108398437500e+02,8.504797363281250000e+02,8.019365692138671875e+01,2.152428283691406250e+02,6.372518920898437500e+01
8.980000000000000000e+02,1.363181762695312500e+02,5.384861450195312500e+02,9.425925903320312500e+02,5.473217163085937500e+02,8.504866333007812500e+02,8.018507385253906250e+01,2.152368011474609375e+02,6.374316787719726562e+01
8.990000000000000000e+02,1.363181762695312500e+02,5.384861450195312500e+02,9.425925903320312500e+02,5.473217163085937500e+02,8.505167236328125000e+02,8.018341827392578125e+01,2.152368011474609375e+02,6.374316787719726562e+01
9.000000000000000000e+02,1.362807159423828125e+02,5.380993041992187500e+02,9.426411743164062500e+02,5.473311157226562500e+02,8.505692749023437500e+02,8.014897155761718750e+01,2.152368011474609375e+02,6.374316787719726562e+01
9.010000000000000000e+02,1.362726135253906250e+02,5.384273681640625000e+02,9.426627807617187500e+02,5.473488159179687500e+02,8.505692749023437500e+02,8.014897155761718750e+01,2.152368011474609375e+02,6.374316787719726562e+01
9.020000000000000000e+02,1.361660308837890625e+02,5.384193115234375000e+02,9.426627807617187500e+02,5.473488159179687500e+02,8.505623168945312500e+02,8.015757751464843750e+01,2.152368011474609375e+02,6.374316787719726562e+01
1.044000000000000000e+03,1.369558563232421875e+02,5.380283813476562500e+02,9.424428100585937500e+02,5.473633422851562500e+02,8.502633056640625000e+02,8.020219421386718750e+01,2.153825836181640625e+02,6.384674835205078125e+01
1.045000000000000000e+03,1.369558563232421875e+02,5.380283813476562500e+02,9.425095825195312500e+02,5.473307495117187500e+02,8.503145751953125000e+02,8.011582946777343750e+01,2.154026641845703125e+02,6.376640701293945312e+01
1.046000000000000000e+03,1.368997039794921875e+02,5.379978637695312500e+02,9.424906616210937500e+02,5.473292236328125000e+02,8.502628173828125000e+02,8.009514617919921875e+01,2.153718109130859375e+02,6.377802276611328125e+01
1.047000000000000000e+03,1.368997039794921875e+02,5.379978637695312500e+02,9.425582275390625000e+02,5.473420410156250000e+02,8.502628173828125000e+02,8.009514617919921875e+01,2.152608337402343750e+02,6.371450042724609375e+01
1.048000000000000000e+03,1.369162292480468750e+02,5.379796752929687500e+02,9.425582275390625000e+02,5.473420410156250000e+02,8.503859863281250000e+02,8.016915130615234375e+01,2.152608337402343750e+02,6.371450042724609375e+01
1.049000000000000000e+03,1.369162292480468750e+02,5.379796752929687500e+02,9.425095825195312500e+02,5.473307495117187500e+02,8.503696289062500000e+02,8.011612701416015625e+01,2.153351898193359375e+02,6.369161987304687500e+01
1.050000000000000000e+03,1.369497985839843750e+02,5.380209960937500000e+02,9.425095825195312500e+02,5.473307495117187500e+02,8.503610839843750000e+02,8.012451171875000000e+01,2.153351898193359375e+02,6.369161987304687500e+01
1.051000000000000000e+03,1.369227600097656250e+02,5.380561523437500000e+02,9.424930419921875000e+02,5.473422851562500000e+02,8.503610839843750000e+02,8.012451171875000000e+01,2.153351898193359375e+02,6.369161987304687500e+01
1.052000000000000000e+03,1.368729400634765625e+02,5.381522216796875000e+02,9.424930419921875000e+02,5.473422851562500000e+02,8.503610839843750000e+02,8.012451171875000000e+01,2.152624359130859375e+02,6.367854309082031250e+01
1.053000000000000000e+03,1.368757019042968750e+02,5.381942749023437500e+02,9.424930419921875000e+02,5.473422851562500000e+02,8.503719482421875000e+02,8.012593841552734375e+01,2.152774047851562500e+02,6.365814971923828125e+01
1.054000000000000000e+03,1.368566741943359375e+02,5.382068481445312500e+02,9.425020141601562500e+02,5.473391113281250000e+02,8.503719482421875000e+02,8.012593841552734375e+01,2.152774047851562500e+02,6.365814971923828125e+01
1.055000000000000000e+03,1.368408813476562500e+02,5.382016601562500000e+02,9.425020141601562500e+02,5.473391113281250000e+02,8.503634033203125000e+02,8.013431549072265625e+01,2.152774047851562500e+02,6.365814971923828125e+01
1.056000000000000000e+03,1.368354644775390625e+02,5.382425537109375000e+02,9.425020141601562500e+02,5.473391113281250000e+02,8.503634033203125000e+02,8.013431549072265625e+01,2.152963714599609375e+02,6.372338104248046875e+01
1.057000000000000000e+03,1.368165130615234375e+02,5.382526855468750000e+02,9.425409545898437500e+02,5.473472290039062500e+02,8.503634033203125000e+02,8.013431549072265625e+01,2.152661590576171875e+02,6.373056030273437500e+01
1.058000000000000000e+03,1.367976074218750000e+02,5.382616577148437500e+02,9.425897827148437500e+02,5.473566894531250000e+02,8.504348754882812500e+02,8.013320159912109375e+01,2.152808227539062500e+02,6.373668670654296875e+01
1.059000000000000000e+03,1.367787475585937500e+02,5.382694702148437500e+02,9.426328125000000000e+02,5.473847045898437500e+02,8.504348754882812500e+02,8.013320159912109375e+01,2.152366485595703125e+02,6.373355102539062500e+01
1.060000000000000000e+03,1.367688903808593750e+02,5.383624877929687500e+02,9.426668701171875000e+02,5.473706054687500000e+02,8.504638671875000000e+02,8.013542938232421875e+01,2.152426605224609375e+02,6.371563339233398438e+01
1.061000000000000000e+03,1.362917938232421875e+02,5.384479980468750000e+02,9.427978515625000000e+02,5.473774414062500000e+02,8.505006713867187500e+02,8.005813598632812500e+01,2.150841522216796875e+02,6.357267761230468750e+01
1.062000000000000000e+03,1.366929931640625000e+02,5.383090820312500000e+02,9.427978515625000000e+02,5.473774414062500000e+02,8.505294799804687500e+02,8.006019592285156250e+01,2.150841522216796875e+02,6.357267761230468750e+01
1.063000000000000000e+03,1.367113647460937500e+02,5.383128662109375000e+02,9.427978515625000000e+02,5.473774414062500000e+02,8.505294799804687500e+02,8.006019592285156250e+01,2.150841522216796875e+02,6.357267761230468750e+01
1.064000000000000000e+03,1.367225036621093750e+02,5.382956542968750000e+02,9.427728881835937500e+02,5.473895263671875000e+02,8.505294799804687500e+02,8.006019592285156250e+01,2.150841522216796875e+02,6.357267761230468750e+01
1.065000000000000000e+03,1.362290344238281250e+02,5.384374389648437500e+02,9.427785034179687500e+02,5.473736572265625000e+02,8.505294799804687500e+02,8.006019592285156250e+01,2.150841522216796875e+02,6.357267761230468750e+01
1.066000000000000000e+03,1.362736511230468750e+02,5.384394531250000000e+02,9.427968139648437500e+02,5.473710937500000000e+02,8.505137939453125000e+02,8.022499084472656250e+01,2.150587615966796875e+02,6.355821609497070312e+01
1.067000000000000000e+03,1.362708282470703125e+02,5.384185791015625000e+02,9.428363647460937500e+02,5.473818359375000000e+02,8.505913696289062500e+02,8.011463165283203125e+01,2.151868896484375000e+02,6.363444137573242188e+01
1.068000000000000000e+03,1.362785034179687500e+02,5.384257812500000000e+02,9.427618408203125000e+02,5.473798828125000000e+02,8.505913696289062500e+02,8.011463165283203125e+01,2.151868896484375000e+02,6.363444137573242188e+01
1.069000000000000000e+03,1.362910766601562500e+02,5.384082641601562500e+02,9.427618408203125000e+02,5.473798828125000000e+02,8.506719970703125000e+02,8.018747711181640625e+01,2.152481231689453125e+02,6.362958908081054688e+01
1.070000000000000000e+03,1.363827362060546875e+02,5.383516235351562500e+02,9.427416992187500000e+02,5.473750610351562500e+02,8.505913696289062500e+02,8.011463165283203125e+01,2.152481231689453125e+02,6.362958908081054688e+01
1.071000000000000000e+03,1.363824615478515625e+02,5.383818969726562500e+02,9.427416992187500000e+02,5.473750610351562500e+02,8.506561279296875000e+02,8.006903076171875000e+01,2.152481231689453125e+02,6.362958908081054688e+01
1.072000000000000000e+03,1.363237304687500000e+02,5.383431396484375000e+02,9.427618408203125000e+02,5.473798828125000000e+02,8.506561279296875000e+02,8.006903076171875000e+01,2.152481231689453125e+02,6.362958908081054688e+01
1.073000000000000000e+03,1.361970672607421875e+02,5.384191284179687500e+02,9.427810668945312500e+02,5.473836669921875000e+02,8.505637207031250000e+02,8.004183197021484375e+01,2.152481231689453125e+02,6.362958908081054688e+01
1.074000000000000000e+03,1.362464752197265625e+02,5.383806152343750000e+02,9.427667846679687500e+02,5.473629150390625000e+02,8.506112670898437500e+02,8.005703735351562500e+01,2.152481231689453125e+02,6.362958908081054688e+01
1.075000000000000000e+03,1.363494262695312500e+02,5.383389282226562500e+02,9.427667846679687500e+02,5.473629150390625000e+02,8.506112670898437500e+02,8.005703735351562500e+01,2.153195037841796875e+02,6.369609832763671875e+01
1.076000000000000000e+03,1.360462493896484375e+02,5.383142089843750000e+02,9.426979980468750000e+02,5.473864135742187500e+02,8.505501708984375000e+02,8.003740692138671875e+01,2.153368988037109375e+02,6.371296310424804688e+01
1.077000000000000000e+03,1.360690307617187500e+02,5.383265991210937500e+02,9.426979980468750000e+02,5.473864135742187500e+02,8.505501708984375000e+02,8.003740692138671875e+01,2.152836151123046875e+02,6.373855590820312500e+01
1.078000000000000000e+03,1.360690307617187500e+02,5.383265991210937500e+02,9.427305908203125000e+02,5.474057006835937500e+02,8.505341186523437500e+02,8.003180694580078125e+01,2.152836151123046875e+02,6.373855590820312500e+01
1.079000000000000000e+03,1.361507568359375000e+02,5.382404785156250000e+02,9.426979980468750000e+02,5.473864135742187500e+02,8.505341186523437500e+02,8.003180694580078125e+01,2.152836151123046875e+02,6.373855590820312500e+01
1.080000000000000000e+03,1.363598632812500000e+02,5.383306274414062500e+02,9.426818237304687500e+02,5.473990478515625000e+02,8.505637207031250000e+02,8.004183197021484375e+01,2.152836151123046875e+02,6.373855590820312500e+01
1.081000000000000000e+03,1.360083770751953125e+02,5.381773071289062500e+02,9.426818237304687500e+02,5.473990478515625000e+02,8.505000000000000000e+02,8.010474395751953125e+01,2.152836151123046875e+02,6.373855590820312500e+01
1.082000000000000000e+03,1.363324584960937500e+02,5.379815673828125000e+02,9.427643432617187500e+02,5.473915405273437500e+02,8.505000000000000000e+02,8.010474395751953125e+01,2.152836151123046875e+02,6.373855590820312500e+01
1.083000000000000000e+03,1.363324584960937500e+02,5.379815673828125000e+02,9.427143554687500000e+02,5.474183959960937500e+02,8.505637207031250000e+02,8.004183197021484375e+01,2.152311248779296875e+02,6.367605590820312500e+01
1.084000000000000000e+03,1.362413635253906250e+02,5.378353271484375000e+02,9.427033081054687500e+02,5.474115600585937500e+02,8.505637207031250000e+02,8.004183197021484375e+01,2.151855010986328125e+02,6.367137527465820312e+01
1.085000000000000000e+03,1.362835235595703125e+02,5.378966064453125000e+02,9.426400146484375000e+02,5.473777465820312500e+02,8.504840698242187500e+02,8.009806060791015625e+01,2.152001495361328125e+02,6.367752456665039062e+01
1.086000000000000000e+03,1.361946105957031250e+02,5.379536132812500000e+02,9.426237182617187500e+02,5.473892822265625000e+02,8.503452148437500000e+02,8.007466125488281250e+01,2.151481018066406250e+02,6.368849945068359375e+01
1.087000000000000000e+03,1.359450531005859375e+02,5.379446411132812500e+02,9.426237182617187500e+02,5.473892822265625000e+02,8.504238891601562500e+02,8.014718627929687500e+01,2.151481018066406250e+02,6.368849945068359375e+01
1.088000000000000000e+03,1.360037078857421875e+02,5.379497070312500000e+02,9.424881591796875000e+02,5.473669433593750000e+02,8.503944702148437500e+02,8.014489746093750000e+01,2.151170654296875000e+02,6.368563079833984375e+01
1.089000000000000000e+03,1.360284118652343750e+02,5.379514770507812500e+02,9.424792480468750000e+02,5.473700561523437500e+02,8.503320312500000000e+02,8.017773437500000000e+01,2.151045989990234375e+02,6.360221099853515625e+01
1.090000000000000000e+03,1.364200744628906250e+02,5.384228515625000000e+02,9.424837036132812500e+02,5.473414916992187500e+02,8.503420410156250000e+02,8.014109039306640625e+01,2.151967315673828125e+02,6.376992797851562500e+01
1.091000000000000000e+03,1.364202880859375000e+02,5.384279785156250000e+02,9.424837036132812500e+02,5.473414916992187500e+02,8.503420410156250000e+02,8.014109039306640625e+01,2.151967315673828125e+02,6.376992797851562500e+01
1.092000000000000000e+03,1.364202880859375000e+02,5.384279785156250000e+02,9.424837036132812500e+02,5.473414916992187500e+02,8.503420410156250000e+02,8.014109039306640625e+01,2.151967315673828125e+02,6.376992797851562500e+01
1.093000000000000000e+03,1.364202880859375000e+02,5.384279785156250000e+02,9.424581909179687500e+02,5.473488159179687500e+02,8.503420410156250000e+02,8.014109039306640625e+01,2.151967315673828125e+02,6.376992797851562500e+01
1.094000000000000000e+03,1.364202880859375000e+02,5.384279785156250000e+02,9.424581909179687500e+02,5.473488159179687500e+02,8.503420410156250000e+02,8.014109039306640625e+01,2.151967315673828125e+02,6.376992797851562500e+01
1.095000000000000000e+03,1.362812957763671875e+02,5.384148559570312500e+02,9.424802856445312500e+02,5.473614501953125000e+02,8.503420410156250000e+02,8.014109039306640625e+01,2.151967315673828125e+02,6.376992797851562500e+01
1.096000000000000000e+03,1.362661132812500000e+02,5.384184570312500000e+02,9.425148925781250000e+02,5.473522338867187500e+02,8.503420410156250000e+02,8.014109039306640625e+01,2.151967315673828125e+02,6.376992797851562500e+01
1.097000000000000000e+03,1.362593231201171875e+02,5.381840820312500000e+02,9.425059204101562500e+02,5.473540649414062500e+02,8.503420410156250000e+02,8.014109039306640625e+01,2.151967315673828125e+02,6.376992797851562500e+01
1.098000000000000000e+03,1.362963409423828125e+02,5.381732788085937500e+02,9.425059204101562500e+02,5.473540649414062500e+02,8.503256225585937500e+02,8.013554382324218750e+01,2.151967315673828125e+02,6.376992797851562500e+01
1.099000000000000000e+03,1.362903594970703125e+02,5.381483154296875000e+02,9.425245971679687500e+02,5.473547973632812500e+02,8.503543701171875000e+02,8.012525177001953125e+01,2.151967315673828125e+02,6.376992797851562500e+01
1.100000000000000000e+03,1.363686218261718750e+02,5.381314086914062500e+02,9.424560546875000000e+02,5.473403320312500000e+02,8.503610839843750000e+02,8.011668395996093750e+01,2.151884460449218750e+02,6.378794479370117188e+01
1.215000000000000000e+03,1.363450317382812500e+02,5.383076782226562500e+02,9.423716430664062500e+02,5.473370361328125000e+02,8.500501098632812500e+02,8.013894653320312500e+01,2.154885253906250000e+02,6.379283142089843750e+01
1.216000000000000000e+03,1.365796966552734375e+02,5.381181030273437500e+02,9.423716430664062500e+02,5.473370361328125000e+02,8.501127929687500000e+02,8.017032623291015625e+01,2.153791961669921875e+02,6.386240386962890625e+01
1.217000000000000000e+03,1.365698089599609375e+02,5.380875854492187500e+02,9.423716430664062500e+02,5.473370361328125000e+02,8.501127929687500000e+02,8.017032623291015625e+01,2.153791961669921875e+02,6.386240386962890625e+01
1.218000000000000000e+03,1.369841156005859375e+02,5.379499511718750000e+02,9.423716430664062500e+02,5.473370361328125000e+02,8.501578369140625000e+02,8.018351745605468750e+01,2.153507080078125000e+02,6.384907531738281250e+01
1.219000000000000000e+03,1.365468902587890625e+02,5.380935668945312500e+02,9.423459472656250000e+02,5.473463134765625000e+02,8.501804809570312500e+02,8.013552856445312500e+01,2.154089355468750000e+02,6.385277938842773438e+01
1.220000000000000000e+03,1.365863037109375000e+02,5.380222778320312500e+02,9.423831176757812500e+02,5.473162841796875000e+02,8.501804809570312500e+02,8.013552856445312500e+01,2.154089355468750000e+02,6.385277938842773438e+01
1.221000000000000000e+03,1.366208648681640625e+02,5.380684204101562500e+02,9.423918457031250000e+02,5.473181152343750000e+02,8.501231079101562500e+02,8.012976074218750000e+01,2.154089355468750000e+02,6.385277938842773438e+01
1.222000000000000000e+03,1.363826904296875000e+02,5.379773559570312500e+02,9.424241943359375000e+02,5.473331298828125000e+02,8.502999267578125000e+02,8.015127563476562500e+01,2.155181579589843750e+02,6.378685379028320312e+01
1.223000000000000000e+03,1.366849212646484375e+02,5.379173583984375000e+02,9.425303344726562500e+02,5.473098754882812500e+02,8.506101074218750000e+02,8.017549133300781250e+01,2.153447570800781250e+02,6.373709487915039062e+01
1.224000000000000000e+03,1.366849212646484375e+02,5.379173583984375000e+02,9.425512695312500000e+02,5.473195800781250000e+02,8.506719360351562500e+02,8.007257843017578125e+01,2.152859802246093750e+02,6.373164367675781250e+01
1.225000000000000000e+03,1.366849212646484375e+02,5.378861083984375000e+02,9.425393066406250000e+02,5.473067626953125000e+02,8.506102905273437500e+02,8.005047607421875000e+01,2.152859802246093750e+02,6.373164367675781250e+01
1.226000000000000000e+03,1.369677429199218750e+02,5.382060546875000000e+02,9.427086791992187500e+02,5.472907104492187500e+02,8.505048828125000000e+02,7.997766876220703125e+01,2.152774047851562500e+02,6.365814971923828125e+01
1.227000000000000000e+03,1.369471588134765625e+02,5.381734619140625000e+02,9.426827392578125000e+02,5.473189086914062500e+02,8.505337524414062500e+02,7.997762298583984375e+01,2.152774047851562500e+02,6.365814971923828125e+01
1.228000000000000000e+03,1.369573974609375000e+02,5.382026367187500000e+02,9.426627807617187500e+02,5.473155517578125000e+02,8.505337524414062500e+02,7.997762298583984375e+01,2.152773437500000000e+02,6.361399459838867188e+01
1.229000000000000000e+03,1.369337921142578125e+02,5.382076416015625000e+02,9.426627807617187500e+02,5.473155517578125000e+02,8.505048828125000000e+02,7.997766876220703125e+01,2.152773437500000000e+02,6.361399459838867188e+01
1.230000000000000000e+03,1.369233093261718750e+02,5.382244873046875000e+02,9.426757202148437500e+02,5.473255615234375000e+02,8.505247192382812500e+02,7.996556091308593750e+01,2.153031921386718750e+02,6.359169387817382812e+01
1.231000000000000000e+03,1.369044952392578125e+02,5.382333984375000000e+02,9.427451782226562500e+02,5.473468017578125000e+02,8.505404052734375000e+02,7.996916961669921875e+01,2.153157348632812500e+02,6.357168960571289062e+01
1.232000000000000000e+03,1.369044952392578125e+02,5.382333984375000000e+02,9.427727661132812500e+02,5.473212890625000000e+02,8.505404052734375000e+02,7.996916961669921875e+01,2.153157348632812500e+02,6.357168960571289062e+01
1.233000000000000000e+03,1.368235778808593750e+02,5.383914794921875000e+02,9.427500610351562500e+02,5.473386840820312500e+02,8.505404052734375000e+02,7.996916961669921875e+01,2.153238830566406250e+02,6.364522171020507812e+01
1.234000000000000000e+03,1.368262176513671875e+02,5.383287353515625000e+02,9.427895507812500000e+02,5.473150024414062500e+02,8.505404052734375000e+02,7.996916961669921875e+01,2.153157348632812500e+02,6.357168960571289062e+01
1.235000000000000000e+03,1.368262176513671875e+02,5.383287353515625000e+02,9.427895507812500000e+02,5.473150024414062500e+02,8.505537109375000000e+02,7.997135162353515625e+01,2.153157348632812500e+02,6.357168960571289062e+01
1.236000000000000000e+03,1.366837615966796875e+02,5.382383422851562500e+02,9.427895507812500000e+02,5.473150024414062500e+02,8.505537109375000000e+02,7.997135162353515625e+01,2.153157348632812500e+02,6.357168960571289062e+01
1.237000000000000000e+03,1.366837615966796875e+02,5.382383422851562500e+02,9.427337036132812500e+02,5.473449707031250000e+02,8.505537109375000000e+02,7.997135162353515625e+01,2.153157348632812500e+02,6.357168960571289062e+01
1.238000000000000000e+03,1.363612365722656250e+02,5.382723388671875000e+02,9.427998046875000000e+02,5.473871459960937500e+02,8.505114746093750000e+02,7.996728515625000000e+01,2.153329772949218750e+02,6.361014556884765625e+01
1.239000000000000000e+03,1.362865905761718750e+02,5.382414550781250000e+02,9.428158569335937500e+02,5.473745117187500000e+02,8.505114746093750000e+02,7.996728515625000000e+01,2.153478393554687500e+02,6.360028839111328125e+01
1.240000000000000000e+03,1.362695770263671875e+02,5.382516479492187500e+02,9.427978515625000000e+02,5.473774414062500000e+02,8.505114746093750000e+02,7.996728515625000000e+01,2.153780517578125000e+02,6.359505462646484375e+01
1.241000000000000000e+03,1.362333526611328125e+02,5.383035278320312500e+02,9.427810668945312500e+02,5.473836669921875000e+02,8.506148071289062500e+02,7.999314880371093750e+01,2.153780517578125000e+02,6.359505462646484375e+01
1.242000000000000000e+03,1.362222900390625000e+02,5.383215332031250000e+02,9.427810668945312500e+02,5.473836669921875000e+02,8.505990600585937500e+02,7.998955535888671875e+01,2.153780517578125000e+02,6.359505462646484375e+01
1.243000000000000000e+03,1.362333526611328125e+02,5.383035278320312500e+02,9.427810668945312500e+02,5.473836669921875000e+02,8.505990600585937500e+02,7.998955535888671875e+01,2.153780517578125000e+02,6.359505462646484375e+01
1.244000000000000000e+03,1.362328186035156250e+02,5.383121337890625000e+02,9.427810668945312500e+02,5.473836669921875000e+02,8.505990600585937500e+02,7.998955535888671875e+01,2.153780517578125000e+02,6.359505462646484375e+01
1.245000000000000000e+03,1.360604400634765625e+02,5.384360351562500000e+02,9.427810668945312500e+02,5.473836669921875000e+02,8.506630249023437500e+02,8.006054687500000000e+01,2.154087829589843750e+02,6.359593582153320312e+01
1.246000000000000000e+03,1.361552886962890625e+02,5.385852050781250000e+02,9.427485351562500000e+02,5.473644409179687500e+02,8.506630249023437500e+02,8.006054687500000000e+01,2.154087829589843750e+02,6.359593582153320312e+01
1.247000000000000000e+03,1.361647033691406250e+02,5.385188598632812500e+02,9.427518920898437500e+02,5.473434448242187500e+02,8.506630249023437500e+02,8.006054687500000000e+01,2.154087829589843750e+02,6.359593582153320312e+01
1.248000000000000000e+03,1.361256256103515625e+02,5.383829345703125000e+02,9.427711181640625000e+02,5.473471679687500000e+02,8.506630249023437500e+02,8.006054687500000000e+01,2.153816223144531250e+02,6.362563705444335938e+01
1.249000000000000000e+03,1.361498718261718750e+02,5.384571533203125000e+02,9.428037719726562500e+02,5.473663940429687500e+02,8.506630249023437500e+02,8.006054687500000000e+01,2.153514556884765625e+02,6.363079833984375000e+01
1.250000000000000000e+03,1.361498718261718750e+02,5.384571533203125000e+02,9.427485351562500000e+02,5.473644409179687500e+02,8.506171264648437500e+02,8.004199218750000000e+01,2.153514556884765625e+02,6.363079833984375000e+01
1.251000000000000000e+03,1.364359436035156250e+02,5.385462646484375000e+02,9.427416992187500000e+02,5.473750610351562500e+02,8.506630249023437500e+02,8.006054687500000000e+01,2.153514556884765625e+02,6.363079833984375000e+01
1.252000000000000000e+03,1.365662536621093750e+02,5.383385009765625000e+02,9.427079467773437500e+02,5.473908081054687500e+02,8.506630249023437500e+02,8.006054687500000000e+01,2.153514556884765625e+02,6.363079833984375000e+01
1.253000000000000000e+03,1.365349273681640625e+02,5.382835083007812500e+02,9.426829223632812500e+02,5.474012451171875000e+02,8.506630249023437500e+02,8.006054687500000000e+01,2.152979736328125000e+02,6.369949340820312500e+01
1.254000000000000000e+03,1.363795318603515625e+02,5.384534912109375000e+02,9.426342163085937500e+02,5.473945922851562500e+02,8.506630249023437500e+02,8.006054687500000000e+01,2.152979736328125000e+02,6.369949340820312500e+01
1.255000000000000000e+03,1.365623474121093750e+02,5.383109741210937500e+02,9.426342163085937500e+02,5.473945922851562500e+02,8.506630249023437500e+02,8.006054687500000000e+01,2.153279113769531250e+02,6.369450378417968750e+01
1.256000000000000000e+03,1.364267883300781250e+02,5.386235961914062500e+02,9.426231079101562500e+02,5.473877563476562500e+02,8.506630249023437500e+02,8.006054687500000000e+01,2.153279113769531250e+02,6.369450378417968750e+01
1.257000000000000000e+03,1.362798461914062500e+02,5.384635620117187500e+02,9.426231079101562500e+02,5.473877563476562500e+02,8.506306152343750000e+02,8.010977935791015625e+01,2.153279113769531250e+02,6.369450378417968750e+01
1.258000000000000000e+03,1.369159240722656250e+02,5.379163818359375000e+02,9.426140747070312500e+02,5.473895874023437500e+02,8.505660400390625000e+02,8.017246246337890625e+01,2.153155975341796875e+02,6.372421264648437500e+01
1.259000000000000000e+03,1.369175262451171875e+02,5.378124389648437500e+02,9.426248168945312500e+02,5.473975219726562500e+02,8.505943603515625000e+02,8.017206573486328125e+01,2.152853088378906250e+02,6.374214553833007812e+01
1.260000000000000000e+03,1.369169006347656250e+02,5.376744384765625000e+02,9.426572265625000000e+02,5.474168090820312500e+02,8.503853149414062500e+02,8.003039550781250000e+01,2.153152313232421875e+02,6.373506927490234375e+01
1.261000000000000000e+03,1.369697570800781250e+02,5.377239379882812500e+02,9.426248168945312500e+02,5.473975219726562500e+02,8.503525390625000000e+02,8.006152343750000000e+01,2.153398742675781250e+02,6.373500442504882812e+01
1.262000000000000000e+03,1.369697570800781250e+02,5.377239379882812500e+02,9.425755004882812500e+02,5.473832397460937500e+02,8.503366088867187500e+02,8.005604553222656250e+01,2.153398742675781250e+02,6.373500442504882812e+01
1.263000000000000000e+03,1.359363708496093750e+02,5.366087036132812500e+02,9.425162353515625000e+02,5.473654174804687500e+02,8.502546997070312500e+02,8.009767150878906250e+01,2.153093872070312500e+02,6.375299072265625000e+01
1.264000000000000000e+03,1.359363708496093750e+02,5.366087036132812500e+02,9.424840087890625000e+02,5.473441162109375000e+02,8.502546997070312500e+02,8.009767150878906250e+01,2.153093872070312500e+02,6.375299072265625000e+01
1.265000000000000000e+03,1.359363708496093750e+02,5.366087036132812500e+02,9.424684448242187500e+02,5.473559570312500000e+02,8.502546997070312500e+02,8.009767150878906250e+01,2.153235321044921875e+02,6.376107406616210938e+01
1.266000000000000000e+03,1.365243377685546875e+02,5.379935302734375000e+02,9.424684448242187500e+02,5.473559570312500000e+02,8.503366088867187500e+02,8.005604553222656250e+01,2.153235321044921875e+02,6.376107406616210938e+01
1.267000000000000000e+03,1.364294891357421875e+02,5.382699584960937500e+02,9.424684448242187500e+02,5.473559570312500000e+02,8.503366088867187500e+02,8.005604553222656250e+01,2.153235321044921875e+02,6.376107406616210938e+01
1.268000000000000000e+03,1.359062652587890625e+02,5.384946289062500000e+02,9.424849853515625000e+02,5.473444824218750000e+02,8.504911499023437500e+02,8.015196228027343750e+01,2.152525329589843750e+02,6.382318878173828125e+01
1.269000000000000000e+03,1.359062652587890625e+02,5.384946289062500000e+02,9.424939575195312500e+02,5.473413085937500000e+02,8.504911499023437500e+02,8.015196228027343750e+01,2.152525329589843750e+02,6.382318878173828125e+01
1.270000000000000000e+03,1.361376495361328125e+02,5.383110351562500000e+02,9.425029907226562500e+02,5.473394775390625000e+02,8.504911499023437500e+02,8.015196228027343750e+01,2.152525329589843750e+02,6.382318878173828125e+01
1.271000000000000000e+03,1.361376495361328125e+02,5.383110351562500000e+02,9.425029907226562500e+02,5.473394775390625000e+02,8.504911499023437500e+02,8.015196228027343750e+01,2.152525329589843750e+02,6.382318878173828125e+01
