frame,time_s,episode,split,status,object_x_proxy_cm,object_y_proxy_cm,heading_rad,contact_x_proxy_cm,contact_y_proxy_cm,virtual_rear_x_cm,virtual_rear_y_cm,roof_spacing_proxy_cm,tool_spacing_proxy_cm
165,5.501943462897526,left_01,train,accepted,21.63266782968983,18.51423050735242,0.03326179257567566,15.71700136999684,16.100380709278696,11.89828482872951,16.40848940168806,3.19250982233812,3.831126073217498
166,5.535288574793875,left_01,train,accepted,21.633700286236312,18.516926624326818,0.03517715217664056,15.818415409443215,16.230866163911987,12.012421373667399,16.49008337414039,3.1913640161404984,3.8148111568516314
167,5.568633686690224,left_01,train,accepted,21.632728607014133,18.51553383430366,0.03503990305225066,15.942905607536987,16.27777707496021,12.122067458039142,16.570473534175633,3.193234627993205,3.8320328002113144
168,5.601978798586573,left_01,train,accepted,21.633751044015728,18.516621543885066,0.03501419617470773,16.044507194176468,16.348363077397554,12.241929255478807,16.5971903812074,3.1931364920227168,3.8107104333695356
169,5.635323910482921,left_01,train,accepted,21.630480495318356,18.517449605696125,0.0350616353607778,16.213108376033013,16.308665160780112,12.383428568239882,16.59211282217481,3.192764331352523,3.8401549456979667
170,5.6686690223792695,left_01,train,accepted,21.62909718152015,18.516467390609822,0.03509357516176644,16.307673451630503,16.320056131237568,12.551729681808565,16.609854141547412,3.192999347796578,3.7671071777749803
171,5.702014134275618,left_01,train,accepted,21.627609202417197,18.518872809574457,0.03697795266655424,16.451637946297588,16.40337035679941,12.66712703289475,16.7037159803869,3.191031201865456,3.796410192178044
172,5.735359246171967,left_01,train,accepted,21.62712394738198,18.516537320317013,0.03512196976338127,16.65203441860572,16.4381251817891,12.831132897693582,16.742969125655186,3.1928198333664257,3.8330429507925574
173,5.768704358068316,left_01,train,accepted,21.625719044317975,18.520174932496484,0.03696083998140711,16.79783292462626,16.455932111120408,13.01141796418045,16.746473507960058,3.1907015310677753,3.7975455962984004
174,5.802049469964665,left_01,train,accepted,21.626131183600513,18.51858212985166,0.037053602614321765,16.964450960386888,16.517420847820137,13.196408073975283,16.77947020053432,3.1911346004848227,3.777144034465064
175,5.835394581861013,left_01,train,accepted,21.62352212070637,18.51648972353083,0.03713434318445883,17.130926068364467,16.537899496651516,13.348349454582007,16.807738862652123,3.1913569566085065,3.792189225576381
176,5.8687396937573615,left_01,train,accepted,21.641180481652484,18.537808438302086,0.04222567767055099,17.270238995341092,16.534403003167878,13.536060524202771,16.831820389315784,3.222615211522032,3.746003998382274
177,5.90208480565371,left_01,train,accepted,21.81440864548056,18.54097662402956,0.052464742887912766,17.426565781251977,16.557139163758166,13.658956631928486,16.838309482892935,3.2085078861030083,3.7780862153249526
178,5.935429917550059,left_01,train,accepted,21.985494122639718,18.56239583573628,0.0525535525933964,17.59670417244156,16.565307160983284,13.820269582381862,16.854384246207342,3.176010072626204,3.787482511405299
179,5.968775029446408,left_01,train,accepted,22.16074280385022,18.577226676306452,0.055682216347595605,17.73928623289682,16.58834575069475,14.001881408309893,16.86904958511597,3.236986706217055,3.7479313581633815
180,6.002120141342756,left_01,train,accepted,22.33655038801461,18.619336453775343,0.05426522538509652,17.88092554653877,16.699183988956,14.123167063375712,16.90700130073812,3.1877765335581256,3.7635006115132046
181,6.035465253239105,left_01,train,accepted,22.532042449578547,18.62360923658292,0.05566402940674245,18.060480616888263,16.691418123025663,14.345148462467858,16.922018245587132,3.217821471804036,3.722481623083657
182,6.0688103651354535,left_01,train,accepted,22.71816170714733,18.643700801111066,0.05986000701535765,18.232124047783806,16.725978285609475,14.475806774867825,16.93958522890873,3.176928973927731,3.762385862857849
183,6.102155477031802,left_01,train,accepted,22.89422828157623,18.642701422179158,0.059826552364523194,18.43091781382189,16.724634002657655,14.69507376834069,16.975027890661597,3.20594058935623,3.74422593219307
184,6.135500588928151,left_01,train,accepted,23.104215974558002,18.659983747775343,0.06049121056253375,18.62084556788393,16.757565069137943,14.902476387232777,17.01140806840484,3.2341899869615895,3.727023696180792
185,6.1688457008245,left_01,train,accepted,23.324270515263546,18.692335223892073,0.06698317369844232,18.842919153824127,16.764387521806576,15.06481578527473,17.027134690585,3.2046066683675956,3.78722868838751
186,6.202190812720848,left_01,train,accepted,23.558385954373463,18.709925001527445,0.06738020354105305,19.042462478180127,16.77143983860226,15.277484337459525,17.01992019495042,3.2054066739604323,3.773168812496318
187,6.235535924617197,left_01,train,accepted,23.791595684425744,18.73694265910268,0.0685857717786219,19.24466462991706,16.767419971542004,15.493198064086341,17.02403977235708,3.203155462735289,3.7602333859371155
188,6.2688810365135454,left_01,train,accepted,24.015442672298974,18.764422962815345,0.06451209365709566,19.432535353310577,16.83711473458663,15.707585102470176,17.04830884524917,3.209035830802965,3.730932500543866
189,6.302226148409894,left_01,train,accepted,24.24411060697777,18.781995795387747,0.07174964298342563,19.652943828703517,16.845073642511153,15.93039593644148,17.046154276320376,3.2040344941328693,3.727974816368487
190,6.335571260306243,left_01,train,accepted,24.45721655134146,18.796451232386154,0.07715820313108956,19.86137828581207,16.86510099161388,16.160494301500428,17.034538459131706,3.2058215164023016,3.7047606293434465
191,6.368916372202591,left_01,train,accepted,24.676836013791686,18.820398023188634,0.08235054783660818,20.08927777176944,16.82413309555072,16.386278127678445,16.990059338836705,3.2010498987989195,3.7067152416053
192,6.40226148409894,left_01,train,accepted,24.890300995529167,18.83587981867241,0.08854410714336884,20.28915310692596,16.836286383477884,16.58382706005989,16.982986123474017,3.2503198747782283,3.70822894752995
193,6.435606595995289,left_01,train,accepted,25.120673590266424,18.855898654253608,0.09365719198589607,20.48631179511649,16.79626993446471,16.78695500242518,16.978596185106028,3.237873337470498,3.703847127150938
194,6.468951707891637,left_01,train,accepted,25.34130311352349,18.851709285182217,0.10099851817566101,20.682889364415114,16.759432868157496,17.00623133637807,16.908888019322386,3.2326760245375765,3.679694429886666
195,6.502296819787986,left_01,train,accepted,25.559261096642864,18.845002975991317,0.11539968441385144,20.904162449983733,16.682119441248,17.20996593498842,16.865239956249557,3.224553125214728,3.698732352363164
196,6.535641931684334,left_01,train,accepted,25.778464661274874,18.853642789785898,0.11431097250842685,21.11370363347137,16.682168537169254,17.41368715285725,16.85582398945957,3.223294454359489,3.7040893851156262
197,6.568987043580683,left_01,train,accepted,26.008215110162297,18.857387090442515,0.11426316960566305,21.320396043021546,16.66864814414367,17.635379246147703,16.84138280120582,3.2442888033360338,3.6890630321251945
198,6.602332155477032,left_01,train,accepted,26.239157998338932,18.853871866771932,0.11770868761514257,21.541130880167728,16.657182930623165,17.857494844794157,16.830485589012593,3.2488445095463625,3.687710435013514
199,6.635677267373381,left_01,train,accepted,26.450450609376972,18.85166313604161,0.11724996635951244,21.712366605188507,16.64399340842586,18.052435893135463,16.81926649997388,3.245740354909736,3.6641251989594865
200,6.669022379269729,left_01,train,accepted,26.657826463497216,18.854257441508295,0.11833971873729617,21.914421276341436,16.656071283598546,18.237319975446557,16.85624179846401,3.2592847626055597,3.682545615747932
201,6.702367491166078,left_01,train,accepted,26.853959926949962,18.87681312031308,0.11232035437845576,22.090797533366043,16.681180115273484,18.431851853725263,16.86565639386335,3.2310536627183364,3.6635931793697147
202,6.735712603062426,left_01,train,accepted,27.04065195981647,18.90182132785884,0.11317462482295927,22.271676121733186,16.695605552554095,18.602548881710007,16.88316682312811,3.265214154955479,3.673918063008408
203,6.769057714958775,left_01,train,accepted,27.221081085348068,18.921703257934226,0.11470228265437733,22.443501304690987,16.733440610038404,18.774189824717123,16.89640152596391,3.2668303327842443,3.672928395325352
204,6.802402826855124,left_01,train,accepted,27.394123306713077,18.948775576297024,0.10794510152390183,22.60467650321918,16.813171070107433,18.935222820654722,16.973800123052524,3.28361436231857,3.672967740279774
205,6.835747938751473,left_01,train,accepted,27.55781025433219,18.968055462547213,0.11040438035173983,22.74906876909871,16.831092691766464,19.08703219286341,17.015247040595646,3.2631610779368434,3.6666639755884156
206,6.869093050647821,left_01,train,accepted,27.708665814142464,18.993933562906363,0.11100072323566688,22.906951501024942,16.862342717803386,19.219712563933633,17.0195023100815,3.2661075386945506,3.690586690032801
207,6.902438162544169,left_01,train,accepted,27.85965449856083,19.00721161225033,0.11129119330969885,23.04016141923136,16.872641612884845,19.37152359893905,17.042956685957552,3.273283933981057,3.6725890977068048
208,6.935783274440518,left_01,train,accepted,28.006632007328356,19.020123356477868,0.11233034778941392,23.18346448116556,16.88108655728289,19.514913272420586,17.04609141159814,3.2571426875965157,3.67226014507848
209,6.969128386336867,left_01,train,accepted,28.150951217476667,19.04001472195235,0.11826501730878097,23.31014386342282,16.8774121479402,19.63292052864093,17.051650645052796,3.2607445994738025,3.681349006511131
210,7.002473498233216,left_01,train,accepted,28.29606384916381,19.051802553720293,0.11581504086288796,23.442993836289936,16.88383959240106,19.764794806124126,17.08887283368492,3.265180613952624,3.683909164942056
211,7.0358186101295646,left_01,train,accepted,28.432224202888637,19.069859151053606,0.1039356483912361,23.539585826550052,16.97245692767996,19.88943847129046,17.15603568144415,3.2786844262319152,3.654760850444554
212,7.0691637220259125,left_01,train,accepted,28.56744256066475,19.072627462631388,0.09970154228017858,23.67480105006876,16.980906408816843,20.025937717700437,17.17734938342815,3.2800154251577025,3.6541474327914294
213,7.102508833922261,left_01,train,accepted,28.70464467464358,19.084906400258937,0.10222385330584068,23.802083891705067,16.98610598066797,20.165167057848773,17.194384354796057,3.290463932023862,3.6428757784910437
214,7.13585394581861,left_01,train,accepted,28.84233022754516,19.10168964955769,0.09884793960786929,23.940800549755522,17.003468802590493,20.29126590683796,17.22779524228481,3.284507978325454,3.656422494926064
215,7.169199057714959,left_01,train,accepted,28.966817116211104,19.127729262382154,0.0989344391355054,24.063171726471705,17.032175108518942,20.39180021886538,17.297401891646476,3.2835825916147163,3.6809392813997506
216,7.202544169611308,left_01,train,accepted,29.077358528393987,19.14756989322082,0.09840547663407964,24.12472419069726,17.112862754909806,20.48862927222802,17.320103552472435,3.292168223873446,3.6419960192581518
217,7.2358892815076565,left_01,train,accepted,29.166294018918364,19.151476244300646,0.09686068202998883,24.221556261812275,17.12511926600973,20.583515755691376,17.32050538825867,3.3065843871096394,3.643283472493443
218,7.2692343934040045,left_01,train,accepted,29.245798128973398,19.16941995471546,0.09674583116820634,24.28554619227368,17.140730881457422,20.65588248420218,17.336638801642426,3.2947042280958763,3.6349468423737052
219,7.302579505300353,left_01,train,accepted,29.315671803269645,19.185810647473126,0.09669830545247533,24.350161899939984,17.130182927418772,20.721283979738715,17.344665652182567,3.2835566818105955,3.6352108328054906
220,7.335924617196702,left_01,train,accepted,29.36576743174757,19.19755922636476,0.09628671875931491,24.423569941366488,17.164901137484076,20.776826120702008,17.349428786159578,3.269270874421604,3.6514094465945988
221,7.369269729093051,left_01,train,accepted,29.432566500255533,19.201378280977092,0.09165105789699639,24.474689416207468,17.148150870676638,20.828409415583668,17.340791384430542,3.2716309771900858,3.6513652529551837
222,7.4026148409894,left_01,train,accepted,29.49840758986232,19.20658690486814,0.09383131762104313,24.531068640616606,17.154209796069924,20.881501593973994,17.354270591877487,3.284288160746126,3.6550463676893123
223,7.435959952885748,left_01,train,accepted,29.543071852402548,19.227366357672228,0.0929315259107035,24.580668549619663,17.168144882147793,20.91953054314553,17.34514233974666,3.3045318851906007,3.6654139742252645
224,7.469305064782096,left_01,train,accepted,29.60297958867956,19.230070677438317,0.09428586858171858,24.623766391469548,17.172529941864628,20.979660516245843,17.366597058123418,3.3035560196674623,3.649269745504287
225,7.502650176678445,left_01,train,accepted,29.630326340386873,19.2395253015936,0.08792165291980594,24.65713085660802,17.18198175742759,21.001863677471697,17.364493972815524,3.3095089037710075,3.6598208780809247
226,7.535995288574794,left_01,train,accepted,29.65811683322145,19.24155821613524,0.09027394257563284,24.69895632976279,17.179497654747898,21.04237446741921,17.361110535748054,3.2963644599790674,3.661089203306198
227,7.569340400471143,left_01,train,accepted,29.659970749536647,19.240843114710692,0.08848529216803071,24.7018722660945,17.180659471681697,21.044319713699778,17.363174156813592,3.2935522747633774,3.66210353264595
228,7.602685512367491,left_01,train,accepted,29.6593108562123,19.23530196859997,0.08864856796190945,24.700095119236913,17.175245343072252,21.043550167800483,17.35610840520161,3.294428103964652,3.661015218367448
229,7.63603062426384,left_01,train,accepted,29.657908222614306,19.237404700849098,0.08877172633604424,24.7010209862635,17.175624191534666,21.043804006060412,17.355625854149128,3.2940420698191875,3.6616439803495053
230,7.669375736160188,left_01,train,accepted,29.65792835831926,19.233411520630646,0.08854311291603961,24.699504553271247,17.1757370196611,21.045526786375213,17.353169751814622,3.2937647514408255,3.6582831896136736
231,7.702720848056537,left_01,train,accepted,29.65559757968807,19.234741562172992,0.08857585944797805,24.695101826464867,17.178569753188356,21.044535720844376,17.353765272839183,3.2936199408286226,3.654767620740187
232,7.736065959952886,left_01,train,accepted,29.655830529213965,19.23362010660553,0.08859181894022645,24.698022717762786,17.17704985497691,21.041339096954736,17.345539895094422,3.2931604157698406,3.660563344118589
233,7.769411071849235,left_01,train,accepted,29.655596754904245,19.234192815503086,0.08859069656981419,24.69737887923321,17.17798848481711,21.041396345703223,17.344893024532816,3.2932533610778743,3.6597903506695637
234,7.802756183745583,left_01,train,accepted,29.655317522327525,19.234022077422736,0.08857982838877014,24.69726307561343,17.177914794167826,21.04133729430609,17.344853921315643,3.2931546734509274,3.6597352350409964
235,7.836101295641932,left_01,train,accepted,29.65908450970082,19.228443969579892,0.09233388805211735,24.689138382474553,17.185087417634733,21.033527670443814,17.334783098410316,3.3021548992778738,3.6586744149700934
236,7.86944640753828,left_01,train,accepted,29.66094756542931,19.23066525109497,0.09248595796158282,24.690997703687792,17.18353970241608,21.036948095631985,17.33893007972067,3.302752018990064,3.65735214431037
237,7.902791519434629,left_01,train,accepted,29.661296712535204,19.230628221791015,0.09253605476280578,24.692486401245734,17.22945818254631,21.054634189263854,17.410067639313112,3.302530748876186,3.64233283653417
238,7.936136631330978,left_01,train,accepted,29.690021426109425,19.236252334329464,0.09367397885757733,24.640673962509297,17.885763644275407,21.036554509778263,17.96247401345879,3.304306862450186,3.6049357151403543
239,7.969481743227326,left_01,train,accepted,29.69129572918238,19.236928945388307,0.09303589818869139,24.61516675947747,18.50604584204204,20.9288499899496,18.470573723844367,3.300977797837907,3.6864874333804294
240,8.002826855123676,left_01,train,accepted,29.69421758710871,19.23406390861907,0.0938722864561101,24.483036890067343,18.296858330972558,20.73430442969181,18.251958972591062,3.3001016280868947,3.7490013352700022
241,8.036171967020024,left_01,train,accepted,29.698632160668545,19.231776520841596,0.09378751887099518,24.104071324653464,17.944193005889367,20.267770257214107,17.998945324306106,3.300324669119801,3.8366917645816123
242,8.069517078916371,left_01,train,accepted,29.691925127025616,19.231985083524563,0.09235158514628854,23.536196115428634,17.912823816719676,19.60554279179242,17.945119367137178,3.2977597638440668,3.930785996869988
243,8.10286219081272,left_01,train,accepted,29.690276129031655,19.23292967422119,0.0927831632744934,22.540180177858304,17.801157838938767,18.565543897378095,17.73895379379008,3.2932998732238574,3.975123005058133
244,8.136207302709069,left_01,train,accepted,29.691508164882848,19.23276404032221,0.09308235764208606,21.205523022855385,17.71763308915916,17.202188233272647,17.63046497877414,3.292652427826824,4.004283670889408
245,8.169552414605418,left_01,train,accepted,29.69443977343836,19.230915040592926,0.09297762216652522,19.696628176043543,18.42909204032074,15.848856993274683,18.176034935205486,3.294111368050652,3.85608363153547
246,8.202897526501767,left_01,train,accepted,29.693885270502655,19.23166108427681,0.09281747928094602,18.28978100466684,19.729791099783256,14.46872508906625,19.18192496537094,3.295078394959002,3.8601328489291853
247,8.236242638398116,left_01,train,accepted,29.694571152836396,19.234145528698342,0.0931748315874127,16.67415229838608,21.087510199588685,12.92914795916489,20.248050669880296,3.2896485345870348,3.837935617334372
248,8.269587750294464,left_01,train,accepted,29.695017854853386,19.23407685776931,0.09312583443615452,14.708206202771136,22.613235574295288,11.140408744530097,21.371983439828156,3.2891347069211974,3.7775502067279563
249,8.302932862190813,left_01,train,accepted,29.69142361702918,19.23097174411445,0.0940146392871284,12.675900956508107,24.27388075251943,9.376928490693036,22.56763285172616,3.2927343037044485,3.7140949407853596
250,8.336277974087162,left_01,train,accepted,29.691725585526683,19.229668864020294,0.09400619523411433,10.489264669483362,25.72728312045209,7.6425727957298255,23.545270191538545,3.292558793880053,3.5867582921128487
251,8.36962308598351,left_01,train,missing_marker,29.69275490371325,19.229776894070522,0.09359470826536798,nan,nan,nan,nan,3.2979225100570164,nan
384,12.80452296819788,left_02,train,accepted,17.848690057448906,18.24869635830472,0.10588068180776691,6.515464231264217,21.459476410237354,2.6107913156959794,20.17525915047279,3.1612793990951107,4.1104360532490185
385,12.837868080094228,left_02,train,accepted,17.846227389265454,18.249389841139312,0.10551232209447967,7.5074957738610495,20.19339857592911,3.534704958474893,19.181311537192002,3.162763033203493,4.099681333566823
386,12.871213191990577,left_02,train,accepted,17.846438648376733,18.249233483993365,0.10551692377481832,8.452501405625982,18.85639589752451,4.418747747222733,18.189287375220566,3.1627509587762592,4.088545261729672
387,12.904558303886926,left_02,train,accepted,17.84629591858276,18.25456999056547,0.10620575944057356,9.184303059901483,17.490799234785865,5.101530706594254,17.166877956959148,3.1643010705141914,4.095601919517905
388,12.937903415783275,left_02,train,accepted,17.84698413021553,18.25245821928657,0.10616277349626917,9.689209940937243,15.683634975825406,5.708797108941622,15.705472273101952,3.164706812997298,3.980472733315447
389,12.971248527679624,left_02,train,accepted,17.85093330227982,18.24877335360054,0.10895684499954367,10.163220789789687,13.87326150755066,6.145801564686766,14.220656843547289,3.158742209968001,4.032411282309725
390,13.004593639575972,left_02,train,accepted,17.84906301848865,18.250018852185253,0.10889550510321956,10.375989110446033,13.820900275794,6.38737643802381,14.196925916283028,3.1586439629660794,4.006298332989236
391,13.037938751472321,left_02,train,accepted,17.848304755966907,18.249463532686626,0.1088371399136742,10.485797732184967,14.217157241302768,6.539457806600773,14.544000878797398,3.1580792605763177,3.9598517108132443
392,13.071283863368668,left_02,train,accepted,17.846431808772547,18.247304043403467,0.10884151915820701,10.690572361745962,14.480826280885037,6.731139139412674,14.783984637128208,3.157819586753659,3.9710220889686108
393,13.104628975265017,left_02,train,accepted,17.848737841974206,18.249587557565725,0.10585065126417292,10.928155797864207,14.684341714974796,6.964796236790881,14.917056497466623,3.159158184584283,3.9701857866278205
394,13.137974087161366,left_02,train,accepted,17.848954246150036,18.249659406734885,0.10617565807811344,11.166187095285935,14.96005649365624,7.243022587634065,15.172599817202203,3.157247760065632,3.928917715921689
395,13.171319199057715,left_02,train,accepted,17.840163358488127,18.25127699347461,0.10541084551276507,11.389785811806718,15.438050162491207,7.444873742986683,15.575926594280958,3.159824003841307,3.9473207547860913
396,13.204664310954064,left_02,train,accepted,17.840490525286544,18.25084666419164,0.10552694337698643,11.628991325909501,15.562570180378627,7.66441480215911,15.614851565381217,3.1600965701853307,3.9649212294685663
397,13.238009422850412,left_02,train,accepted,17.841553669321556,18.251078380906126,0.10549463842601436,11.846873866901722,15.564629348266497,7.90530219764725,15.614946096065157,3.1599626964895076,3.941892819316441
398,13.271354534746761,left_02,train,accepted,17.841030351114604,18.250902710844564,0.10547950685839542,12.001950315355241,15.604436898094189,8.101886965757252,15.646270962226616,3.1598470295380783,3.9002877098746596
399,13.30469964664311,left_02,train,accepted,17.844305918602405,18.252947506892,0.10607419299155031,12.161643551312162,15.73057615913497,8.27867272836819,15.69966811109803,3.164255319419333,3.8830938334358667
400,13.338044758539459,left_02,train,accepted,17.840685637729656,18.250395968461646,0.10550817416614315,12.296722889292903,15.722125440485463,8.40078874941079,15.700641399775455,3.15993602112838,3.8959933760601038
401,13.371389870435808,left_02,train,accepted,17.837808110069304,18.249144942918377,0.10634428234221086,12.401554611993074,15.852116023859367,8.516494654234249,15.826338611831023,3.1652274196635997,3.8851454735121416
402,13.404734982332156,left_02,train,accepted,17.839826076435784,18.25189519640492,0.10474933496330575,12.496371255603128,16.163880426706026,8.61352426782657,16.09457949865815,3.1606344613770374,3.883465378899854
403,13.438080094228503,left_02,train,accepted,17.840763233666483,18.251193214570822,0.10476833057083242,12.603343645963578,16.26840281351782,8.720784501691057,16.18186018387423,3.16056976249833,3.8835235464098594
404,13.471425206124852,left_02,train,accepted,17.840491407927804,18.251375887672964,0.10475939314833398,12.720592800856922,16.267487257807375,8.8324947715133,16.200089609050323,3.1605603917929552,3.8886821326567365
405,13.504770318021201,left_02,train,accepted,17.840170538719445,18.251360210387638,0.10474508067432758,12.827488334886851,16.274123793273006,8.96797689571585,16.216425969573326,3.160644964709781,3.8599426923144198
406,13.53811542991755,left_02,train,accepted,17.84097927127483,18.254503647441876,0.10348780408209846,12.993587016135448,16.26183482471952,9.147048873381317,16.189310627483817,3.1617458988789275,3.847221782383631
407,13.571460541813899,left_02,train,accepted,17.84097927127483,18.254503647441876,0.10348780408209846,13.134803019611502,16.05479723820298,9.282881953639203,16.041132212347673,3.1617458988789275,3.8519453048314167
408,13.604805653710248,left_02,train,accepted,17.84097927127483,18.254503647441876,0.10348780408209846,13.271702416799492,16.003788972595945,9.40687632294028,16.03607528057047,3.1617458988789275,3.8649609495385184
409,13.638150765606596,left_02,train,accepted,17.840275997774924,18.255001422746865,0.10350054263751682,13.392478162895198,15.996932687407796,9.52018551524897,16.037292250732804,3.1616457342457682,3.872502968800259
410,13.671495877502945,left_02,train,accepted,17.839544305569927,18.257831576815462,0.105329588347053,13.460061071645647,15.989465051393298,9.61690216781326,16.033493006936524,3.160780267601705,3.8434110918525843
411,13.704840989399294,left_02,train,accepted,17.840647167328036,18.25479385185603,0.1035296818178946,13.532757507730562,15.989981412618206,9.666705341509132,16.04329041515187,3.1614468323114604,3.86641968773393
412,13.738186101295643,left_02,train,accepted,17.840532703880996,18.247704538926676,0.10648328756772203,13.644461952355684,15.985373965689893,9.746983702961858,16.06690214158501,3.15605269454527,3.8983308669176284
413,13.77153121319199,left_02,train,accepted,17.836617916694838,18.251850512604236,0.10619570461532703,13.732042201755231,16.127295972550705,9.846450570880602,16.168609022606127,3.1565584354074283,3.8858112524964254
414,13.804876325088339,left_02,train,accepted,17.93103103834256,18.25556983348899,0.10114859147021193,13.801992361304816,16.142687812443267,9.979400089595583,16.21252388190111,3.1562281167152646,3.823230146398262
415,13.838221436984687,left_02,train,accepted,18.074263351426676,18.280015445831914,0.11034030224003777,13.939308750847339,16.175503741375493,10.098715902715991,16.22349205276402,3.1580812018320517,3.840892644053928
416,13.871566548881036,left_02,train,accepted,18.22923415981822,18.315197155160725,0.12036166856758451,14.062050511342452,16.210006835193507,10.255359125998421,16.234136718213186,3.178820836148913,3.8067678619147505
417,13.904911660777385,left_02,train,accepted,18.412510385741164,18.343958954675582,0.1258905831564407,14.215980433139723,16.272614781400087,10.433739275111257,16.321718173516324,3.175452270309216,3.7825598898896278
418,13.938256772673734,left_02,train,accepted,18.6292543226417,18.362558514991193,0.12039434608917021,14.456273909944311,16.268154297368675,10.649334736705985,16.32841054506594,3.1744204199362196,3.807416011433879
419,13.971601884570083,left_02,train,accepted,18.874352360544123,18.38530419362011,0.125908801261621,14.67460690196921,16.281880540521357,10.88560600392411,16.32910368653214,3.177209718499408,3.7892951628113805
420,14.004946996466431,left_02,train,accepted,19.166448171258025,18.436953594371733,0.1155954492568031,14.926419143652405,16.41251297082808,11.15225849554558,16.411056655901444,3.1853855425435973,3.774160929076991
421,14.03829210836278,left_02,train,accepted,19.469973065427013,18.494132001999247,0.125605947408452,15.217523530240644,16.457374172444382,11.433481274073342,16.49597799877439,3.193054246573661,3.7842391642002546
422,14.071637220259129,left_02,train,accepted,19.803391046767842,18.544587256389267,0.12438472169215076,15.540027177424843,16.59863725341031,11.774032294322517,16.57983048839717,3.1855542078732375,3.766041841770105
423,14.104982332155478,left_02,train,accepted,20.173720234368027,18.59809575710512,0.1268378673296341,15.88507066350315,16.627445498254865,12.107343422171496,16.654152429198685,3.1952188030464894,3.7778216434950584
424,14.138327444051825,left_02,train,accepted,20.550279238941922,18.66315462812688,0.1141206880587732,16.220194443848904,16.761267180321813,12.4574507841627,16.767991553173413,3.2078613489470365,3.762749668221229
425,14.171672555948174,left_02,train,accepted,20.95148169340667,18.69593876751378,0.12267108697176546,16.570734835897024,16.878318101625137,12.830843984244934,16.86149592649186,3.193841337530425,3.7399286848611446
426,14.205017667844523,left_02,train,accepted,21.354766077298116,18.75519792218962,0.1049809387797505,16.94816848878284,16.957046863925594,13.212264395658002,16.938041038503062,3.188721036514029,3.7359524373882116
427,14.238362779740871,left_02,train,accepted,21.76666992616476,18.825855208764118,0.11447936645784265,17.33840849437264,17.029273634768245,13.59903778969941,17.063430547562902,3.185676172691367,3.739526702894368
428,14.27170789163722,left_02,train,accepted,22.19138488711751,18.85836148886874,0.11380169366877868,17.719704866639216,17.16888220315295,14.000789531100827,17.11697955448653,3.221368629205264,3.719277504817461
429,14.305053003533569,left_02,train,accepted,22.58494860481197,18.88856821054626,0.11329681298818983,18.115522250845537,17.175132855741342,14.383678722154164,17.172922898620783,3.205371309755862,3.7318441830475924
430,14.338398115429918,left_02,train,accepted,22.962470150148057,18.9345057047993,0.10447972718959403,18.466203797700132,17.180729171702428,14.736845342987625,17.219973169699355,3.214086995383567,3.729564931076337
431,14.371743227326267,left_02,train,accepted,23.31816767348336,18.97221189729314,0.10420626362404134,18.786126027018593,17.18854478969216,15.06607525224021,17.231688772935847,3.213023879725402,3.7203009515655285
432,14.405088339222615,left_02,train,accepted,23.638495921694837,18.98303794554537,0.11090584276021358,19.07907785670784,17.187329803165333,15.375821396266097,17.236864999471045,3.229875460472476,3.7035877399457613
433,14.438433451118964,left_02,train,accepted,23.945949666682232,19.011713849074034,0.11945111544781913,19.391327142570027,17.21255104411167,15.684606524674706,17.23638153518875,3.2203447542815447,3.706797220166656
434,14.471778563015313,left_02,train,accepted,24.238838895172385,19.002157660565306,0.12790981552774386,19.644469967445513,17.222253566735024,15.949000724428801,17.17303863122304,3.221668081323134,3.6957969419274046
435,14.50512367491166,left_02,train,accepted,24.535063807348884,19.003523535244383,0.13397727878978846,19.94102575588257,17.07757126735237,16.255088949494258,17.111830885965563,3.2024834259448482,3.686096019117734
436,14.538468786808009,left_02,train,accepted,24.8220948572607,19.00453635902683,0.13415511340028796,20.206953851753894,17.020208655869485,16.500504625628984,17.01901433473092,3.2291400184064605,3.7064494185466668
437,14.571813898704358,left_02,train,accepted,25.09490609673422,19.002224427065638,0.14612066248435351,20.444867914314507,16.95926779426311,16.74391224643238,16.997606672164824,3.2203179929691848,3.7011542422854506
438,14.605159010600707,left_02,train,accepted,25.36949953423632,19.01972453629103,0.15053514536290072,20.697213345979154,16.95843747306325,17.019877885776825,16.988982744158413,3.2385978448294668,3.6774623180187382
439,14.638504122497055,left_02,train,accepted,25.635478340678496,19.023913558979295,0.15028709322763079,20.938365617714332,16.97786108533026,17.283435214305822,16.93110030284359,3.2351279388129006,3.6552295173543703
440,14.671849234393404,left_02,train,accepted,25.901288237462495,19.022382675615535,0.15246276374796544,21.176627637311896,16.927153508222265,17.521809764622596,16.90104842877065,3.245160634524241,3.654911101203737
441,14.705194346289753,left_02,train,accepted,26.147235574153633,19.01963841074619,0.15175695985339904,21.443701934394774,16.89735394390467,17.769894674617557,16.90169713260052,3.2521913231537174,3.6738098270432875
442,14.738539458186102,left_02,train,accepted,26.3860068559559,19.03032451016651,0.14943686826959127,21.65889926047584,16.916814881743882,17.989524037098796,16.912524560028455,3.2417866945583995,3.669377731549828
443,14.77188457008245,left_02,train,accepted,26.613784473797057,19.041795713865547,0.14754397008476725,21.85583695583448,16.971866643422537,18.20911238151353,16.92522799266009,3.2476576594836577,3.6470227973925864
444,14.8052296819788,left_02,train,accepted,26.82802677172729,19.055121706165412,0.14360035728027984,22.06735298156753,17.009747579859503,18.405194089995536,16.926061800048842,3.2583019376617854,3.663114939073348
445,14.838574793875148,left_02,train,accepted,27.022489333575074,19.066709382630474,0.13733020780347063,22.25523023963447,17.019830800277727,18.57854987610878,16.9741222773333,3.2768111276114595,3.676964476930008
446,14.871919905771495,left_02,train,accepted,27.21242444755369,19.09997883416423,0.13117697608350548,22.400964466634186,17.155952299191625,18.760808892179337,17.07145498711408,3.249787350583435,3.6411361416435715
447,14.905265017667844,left_02,train,accepted,27.403069675862515,19.129288813594748,0.11949475990652363,22.587696785065628,17.17658583056179,18.91043498252185,17.123895838329695,3.263965399961614,3.6776392699296836
448,14.938610129564193,left_02,train,accepted,27.599255923875834,19.14071522061854,0.11934698331132668,22.75749302431458,17.21644700133892,19.103991677194067,17.187930895314338,3.27183826927277,3.653612631590029
449,14.971955241460542,left_02,train,accepted,27.814608590595952,19.15333922886266,0.11723519193754314,22.958737699536485,17.30684657964591,19.294671128894873,17.22035564083822,3.255032797261211,3.665087245426665
450,15.00530035335689,left_02,train,accepted,28.00769267812688,19.175388534879247,0.11008120529540723,23.14838314625008,17.31351240818146,19.481137674814192,17.23324656898814,3.280188630466993,3.668123764638869
451,15.03864546525324,left_02,train,accepted,28.21326972649507,19.201354044093843,0.09761255991087821,23.317637182434105,17.329203241792655,19.671250213453806,17.254544356184237,3.289633428653517,3.6471512001491817
452,15.071990577149588,left_02,train,accepted,28.413032152833566,19.22471643611899,0.09747568551297235,23.501960075920746,17.3772742123213,19.847267144820897,17.347980106011,3.260167818949042,3.654810332328577
453,15.105335689045937,left_02,train,accepted,28.576767425864357,19.225061132633797,0.08973268754678897,23.67084305192166,17.462638212645636,20.002082249630092,17.362774912463067,3.3084285876284913,3.6701196851266897
454,15.138680800942286,left_02,train,accepted,28.735405338407205,19.24150180388181,0.09102470371829086,23.802121196107876,17.451706777452173,20.13231667053305,17.387304427195406,3.2913377487749482,3.670369588835444
455,15.172025912838635,left_02,train,accepted,28.84876835308136,19.259510167757007,0.0902487141501032,23.897880304137956,17.49360589396674,20.232981470391703,17.461648439635056,3.2826317008534995,3.665038163577838
456,15.205371024734982,left_02,train,accepted,28.9050451037767,19.27141802105328,0.0989354526227783,23.95254417439192,17.51578664702674,20.299414975575658,17.50255268139857,3.2912237260412964,3.653153169672769
457,15.23871613663133,left_02,train,accepted,28.921983538354645,19.261288396491366,0.0921115375622751,23.96803086262726,17.525312138798597,20.313987665019216,17.502516397516388,3.3012423377943674,3.6541143025097367
458,15.27206124852768,left_02,train,accepted,28.92478645189327,19.265959810824945,0.0940595376181079,23.965516391187332,17.59661591113897,20.312256240871765,17.51686847976778,3.2981243806006466,3.6541304545259496
459,15.305406360424028,left_02,train,accepted,28.923618228787063,19.264281959927605,0.09403773332268722,23.83546977323351,17.97719480051675,20.196681251110046,17.859994149398194,3.297633042414036,3.640675473227471
460,15.338751472320377,left_02,train,accepted,28.925437430114766,19.26440401972134,0.09401195243349018,23.795758394811887,19.562489001377987,20.037811993597103,19.19892621917088,3.2976083847305375,3.7754918952381984
461,15.372096584216726,left_02,train,accepted,28.927166240836016,19.26307104374051,0.09219888381889138,23.781745896526246,21.97741954326998,19.865891635707627,21.181073824691932,3.294223200365248,3.9960081450703933
462,15.405441696113074,left_02,train,accepted,28.92685541738211,19.260206443423726,0.09051198800705733,23.61608712428856,25.11539345795042,19.504782631295367,23.73255304017206,3.292336119023649,4.337634407732795
463,15.438786808009423,left_02,train,accepted,28.92825886827022,19.26324806422084,0.09217691819907109,22.955910173096342,28.199926990529246,18.730006423236677,26.187928451754853,3.2929819850490993,4.68042739748287
464,15.472131919905772,left_02,train,accepted,28.930132544619802,19.267016402750233,0.09396888493111974,21.698160084344302,30.583038563636226,17.57897981054655,27.99712419662967,3.2952771862000634,4.863599412116035
465,15.505477031802121,left_02,train,accepted,28.925334049611102,19.269157792342554,0.09387162421816074,20.09886319882607,31.48605447867631,16.289355611570336,28.65340454330252,3.2993602933819326,4.747236429095577
466,15.53882214369847,left_02,train,accepted,28.92613707373461,19.269307853724634,0.09392614677216346,18.457122800805365,31.029278435316275,14.989780035280663,28.315709550815733,3.2992172293016453,4.402944690155215
467,15.572167255594817,left_02,train,accepted,28.92535817330096,19.269653713112156,0.0938719804500058,16.930237690640553,29.889799224685692,13.913763665682778,27.39186140045164,3.2993688460286146,3.916479148033871
468,15.605512367491166,left_02,train,accepted,28.929565092850936,19.266635466976922,0.09383708394662482,15.953229443450237,28.115425167070796,13.172036918818732,25.935481762254543,3.299380955334878,3.5337211416958247
469,15.638857479387514,left_02,train,accepted,28.927940497511,19.261895990647897,0.09224060140007434,15.594627949625302,26.64623721082484,12.905280833182491,24.621304312125638,3.294076433401354,3.3664433987449742
470,15.672202591283863,left_02,train,accepted,28.92975251197005,19.266144174698812,0.09406107667325815,15.231231609406699,26.824549560292212,12.624748717424271,24.709601748186667,3.295922557742251,3.3565990696130372
645,21.507597173144877,left_03,train,accepted,19.270384419805325,17.568351293385504,0.11549175900832782,13.626293197326373,16.085710282477958,9.715243573178666,16.327535059910904,3.1695477111352557,3.9185186468264264
646,21.540942285041226,left_03,train,accepted,19.267535874498886,17.5710726429532,0.11465992867053405,13.832982342788549,16.164641724899088,9.9604791037731,16.367057638358904,3.1699981141576985,3.877789774885549
647,21.574287396937574,left_03,train,accepted,19.26672550310876,17.56978612888595,0.11563876699139654,14.017052050456197,16.163708833710913,10.126579497432223,16.34517632291334,3.171064614428766,3.894702445048955
648,21.607632508833923,left_03,train,accepted,19.27232336200348,17.583979167629302,0.11626234295920083,14.132142947876062,16.07967738490189,10.282540871645873,16.297776989781845,3.1832745892298973,3.8557753543178026
649,21.640977620730272,left_03,train,accepted,19.269676752100768,17.580080124600997,0.11747673335429308,14.209008085709083,16.095232860681996,10.35469790908094,16.308386524515136,3.1914947992809126,3.860199660906772
650,21.67432273262662,left_03,train,accepted,19.27248776040703,17.57800946607395,0.11740543979328755,14.321357992189379,16.087595756461113,10.475736662994795,16.312872445738275,3.191787386529083,3.8522140379641416
651,21.70766784452297,left_03,train,accepted,19.27056696782946,17.579098534174015,0.11730920867123568,14.443080617817655,16.077750358066552,10.599592235113207,16.28730633231079,3.1915496920191386,3.849196884328666
652,21.74101295641932,left_03,train,accepted,19.27402688617744,17.576456000058315,0.11720360699152695,14.568347848644152,16.069393264290945,10.721639842053543,16.288087765675478,3.1918109839514788,3.8529196426741272
653,21.774358068315667,left_03,train,accepted,19.273566291581474,17.576623937484385,0.11717856976313036,14.701140709319615,16.04774279227957,10.879907801448605,16.276842308977848,3.1916083616330186,3.8280945031108784
654,21.807703180212016,left_03,train,accepted,19.26802416659239,17.576535981516358,0.11817574910216429,14.89132894961425,15.940131543802972,11.048580382366096,16.165737007365628,3.192065898087151,3.8493654511201023
655,21.84104829210836,left_03,train,accepted,19.2721605334783,17.575677358890417,0.11959159806985571,15.070278914160811,15.711151277854485,11.243937730567374,16.016209940553583,3.1828672354297027,3.838482465890783
656,21.87439340400471,left_03,train,accepted,19.403790251905043,17.577165598386955,0.11915523269160136,15.194202014437968,15.639216633704208,11.378936281685771,15.93132201115486,3.1986499265679957,3.826431518144385
657,21.90773851590106,left_03,train,accepted,19.53511791581034,17.575215714195288,0.11906025313329116,15.328661563045117,15.587381705751808,11.49567135815573,15.89436125692613,3.20434031299416,3.845263366223069
658,21.941083627797408,left_03,train,accepted,19.686293928817967,17.567105900949656,0.12898170638291712,15.476904602555074,15.49308261371953,11.7032550002573,15.791493372786979,3.194097451054856,3.785430002265179
659,21.974428739693757,left_03,train,accepted,19.83909423559374,17.549569689881984,0.1411468784767624,15.61213780362752,15.412581864395154,11.81136162533622,15.735495787697484,3.1809550289523583,3.814468896101937
660,22.007773851590105,left_03,train,accepted,19.974437922962913,17.546187024134902,0.14343077515615404,15.724530159206576,15.399914522676085,11.945245201271149,15.698242224527055,3.1776365374342235,3.7910413095835116
661,22.041118963486454,left_03,train,accepted,20.13034437930208,17.536395967602108,0.13754657717293436,15.868781165050688,15.416357525587475,12.103006468103752,15.707510948905334,3.193573970413415,3.7770132888402044
662,22.074464075382803,left_03,train,accepted,20.332449210085883,17.535294104473586,0.1382495618191185,16.047445396543754,15.417448332301317,12.279635588228148,15.71145943388525,3.1908638136614993,3.779263589575869
663,22.107809187279152,left_03,train,accepted,20.548665577649516,17.53968093243225,0.14217137088970763,16.262905563836263,15.421086279743122,12.502312795505583,15.702508317047203,3.1992715687301465,3.7711081040327374
664,22.1411542991755,left_03,train,accepted,20.76698175424069,17.507777417589487,0.11740437175301778,16.444371076194884,15.444842971697074,12.699317461276456,15.757392226823722,3.183507169108587,3.758073125352114
665,22.17449941107185,left_03,train,accepted,21.016184306998824,17.529605643393484,0.10002820097560602,16.696612688120833,15.515024979401572,12.940755380250833,15.804309351799969,3.193716456179567,3.7669814925473712
666,22.207844522968198,left_03,train,accepted,21.278404153534545,17.55068208808206,0.09795457757460374,16.925321935264243,15.602817574677792,13.164981651965762,15.871487435894805,3.184000877307099,3.7699260656574776
667,22.241189634864547,left_03,train,accepted,21.552291980286284,17.574810457357565,0.08680665799682713,17.17077970058265,15.71697742324262,13.412880679596427,15.957581599097294,3.1953371910809265,3.7655936346568146
668,22.274534746760896,left_03,train,accepted,21.873237545017194,17.59733298384132,0.09674755029572744,17.497343703470094,15.804507298924527,13.707731308280062,16.054029268766378,3.170155270420851,3.797818231460227
669,22.307879858657245,left_03,train,accepted,22.222241895934218,17.63656358201536,0.09455994451064435,17.808903659955995,15.877486928767127,14.043537829319272,16.0919474016531,3.165503623319935,3.7714682993440443
670,22.341224970553593,left_03,train,accepted,22.59166007875735,17.676538628709046,0.10206549859140138,18.140939224709292,15.895384104520929,14.389838261384867,16.117528117057706,3.207411167942354,3.7576730032507317
671,22.374570082449942,left_03,train,accepted,22.954267907382008,17.70721628471921,0.09751774455513036,18.498661654310688,15.965057495764368,14.720668035060227,16.227479705847784,3.2243230063157227,3.78709667204869
672,22.40791519434629,left_03,train,accepted,23.340701553328277,17.749802456810958,0.097824469258257,18.831533085198927,16.062657671158764,15.096608438114078,16.332328308743488,3.2191264266419544,3.7446474296223453
673,22.44126030624264,left_03,train,accepted,23.71615267051126,17.798696559957413,0.11694764309611766,19.170423479195314,16.167300017002493,15.455320741704616,16.395609173609508,3.1972343375312113,3.722111419759151
674,22.47460541813899,left_03,train,accepted,24.083381832834945,17.822732405455135,0.11053831700963733,19.520394997018148,16.183587998587253,15.817610618439291,16.440426561569975,3.202381149078079,3.711681317365843
675,22.507950530035338,left_03,train,accepted,24.429302320779456,17.8486561677487,0.10714945553057523,19.858782188809275,16.240088255155932,16.133107341400326,16.511824735995326,3.1981112335522734,3.7355714132692825
676,22.541295641931683,left_03,train,accepted,24.755079093907913,17.88455097188874,0.09555950858505664,20.11781398620889,16.303896422190054,16.454876988542978,16.574871408265714,3.2278511295027625,3.6729463502682
677,22.57464075382803,left_03,train,accepted,25.076658292929842,17.907988960542394,0.0979799125997989,20.431864577131936,16.313672646576748,16.749410427420486,16.591187631783306,3.245178628122213,3.6928963066597573
678,22.60798586572438,left_03,train,accepted,25.360100985640024,17.91802000452649,0.10250397561282437,20.691641218040246,16.328614901797973,17.0149237408206,16.596235790612358,3.235062762986367,3.6864444044936047
679,22.64133097762073,left_03,train,accepted,25.612508200619303,17.920380743393913,0.10726020473611284,20.955922506496414,16.27304747478122,17.261042439297697,16.56560460174156,3.2382953710996656,3.7064441697559247
680,22.674676089517078,left_03,train,accepted,25.85597574076473,17.923603488499754,0.10575186945076152,21.166511890182626,16.269267075059723,17.468620127592544,16.565892416639123,3.222875022177697,3.7097695455511355
681,22.708021201413427,left_03,train,accepted,26.07392989275266,17.906505925397724,0.10844134314680492,21.369141942312513,16.23354800940314,17.66534808726423,16.536702596987485,3.249960800398223,3.7161797083385038
682,22.741366313309776,left_03,train,accepted,26.27186061301606,17.893990748848665,0.11119245983376574,21.54274488107223,16.2131467471647,17.853868760842595,16.489418425818283,3.2332335450261898,3.699207086772316
683,22.774711425206124,left_03,train,accepted,26.4536647985292,17.889731392770948,0.12444522454966211,21.71563511361374,16.14462852008592,18.03287499750159,16.452469868101826,3.2348132334271065,3.6956039247157726
684,22.808056537102473,left_03,train,accepted,26.61258528988472,17.86863031956864,0.12317395324770183,21.86081244844716,16.12473692948252,18.181207288250516,16.40943482012658,3.2560107186972873,3.6906025285694133
685,22.841401648998822,left_03,train,accepted,26.77098947775326,17.87126742539213,0.12319471217744282,22.014853892527103,16.10815163185511,18.330674736421305,16.405859846978622,3.240231951724602,3.6961880682179125
686,22.87474676089517,left_03,train,accepted,26.9362953505094,17.87472281380777,0.12532876381567973,22.158389413981002,16.09111944167015,18.477064506692606,16.404783656037715,3.2621773585288745,3.6946634910904588
687,22.90809187279152,left_03,train,accepted,27.103155146164468,17.858446118606253,0.12889818785634094,22.30596691610347,16.096223009176587,18.648671605553236,16.36223629949731,3.2611835399519906,3.666956784474011
688,22.94143698468787,left_03,train,accepted,27.273537347690706,17.843898210825756,0.11431488820347234,22.483920858421442,16.089180699237744,18.800465357058886,16.36864484102375,3.255239838377417,3.6940417752188814
689,22.974782096584217,left_03,train,accepted,27.437481958748332,17.825764668347066,0.10853246580409419,22.62195095052777,16.096046662643495,18.96072950463708,16.374960912732135,3.2622119617579854,3.6718300116906852
690,23.008127208480566,left_03,train,accepted,27.629958593053594,17.82874099407119,0.11180555192439512,22.795924344097887,16.106735506005563,19.136053267075155,16.376575281634327,3.258950782134302,3.66980514536384
691,23.041472320376915,left_03,train,accepted,27.812148879172966,17.830271249109536,0.10541101153368483,22.974683680520823,16.114483676767264,19.31190494486764,16.389152158698902,3.2647085683787687,3.6730628692304963
692,23.074817432273264,left_03,train,accepted,28.008457042154333,17.8211802173145,0.10434353925586162,23.142928483483548,16.112806838068902,19.480288666831978,16.394393816643614,3.2616749046549365,3.6734481965891774
693,23.108162544169613,left_03,train,accepted,28.183381099382537,17.833813618004044,0.10426054837863118,23.323575752600295,16.124723812944406,19.64853128077311,16.411576703488663,3.2681675794277325,3.686222517798017
694,23.14150765606596,left_03,train,accepted,28.365358393365355,17.8402495140893,0.0999406489968983,23.481575083078024,16.131013853325793,19.82362026753083,16.425727142029686,3.2784978615510494,3.6698078090171915
695,23.17485276796231,left_03,train,accepted,28.555134949207144,17.848130773068583,0.10440191138817786,23.640237197990565,16.13124969942213,19.98961211680572,16.418839876133923,3.2837089636106547,3.661935498219074
696,23.20819787985866,left_03,train,accepted,28.712271170056717,17.846699172265026,0.10148784044068297,23.784693065061827,16.131468201486946,20.135471308326494,16.404694409467616,3.283849194397634,3.659436020831353
697,23.241542991755008,left_03,train,accepted,28.83234310684314,17.849383442607536,0.10260837315902854,23.89978696115832,16.134272889543194,20.25134557717344,16.411611601859327,3.2761388066210193,3.6589672441445393
698,23.274888103651353,left_03,train,accepted,28.921962464249543,17.854289069820474,0.10611426068962462,23.99434495745032,16.133857916095913,20.358000114127435,16.409753645461976,3.2766277869052525,3.6467961655463235
699,23.308233215547702,left_03,train,accepted,28.961738654109347,17.850069468003934,0.09852228078621315,24.04513545342637,16.136642175236084,20.388520811272965,16.443814690844807,3.2858434379196377,3.66949391545429
700,23.34157832744405,left_03,train,accepted,28.978826444561125,17.852393748098898,0.10175959519627614,24.065179976371518,16.140718860741096,20.40609750649445,16.453284456012952,3.2788907074615516,3.672408170766058
701,23.3749234393404,left_03,train,accepted,28.99338069873061,17.854994951439917,0.10181947468502807,24.072094529726762,16.15819375956937,20.414758006859195,16.451092451528407,3.2846530278706827,3.669046209201015
702,23.40826855123675,left_03,train,accepted,28.993170492683014,17.855188025306134,0.10183343505981712,24.03515496660996,16.258809778710937,20.399122230477854,16.494043135835906,3.284524957271057,3.643634008861017
703,23.441613663133097,left_03,train,accepted,28.98978246275146,17.854415290142313,0.10089404590751386,23.915134377047913,16.487969199056895,20.259292406592518,16.69522857098018,3.279641068100577,3.661712298937919
704,23.474958775029446,left_03,train,accepted,28.989400756052085,17.85197945891084,0.10092013573754549,23.602593103319087,17.332562409273418,19.94325828819105,17.39743835728356,3.280165850032012,3.659909859250411
705,23.508303886925795,left_03,train,accepted,28.990062622803844,17.850408492601844,0.10084283797923302,23.177350951956278,18.99401783602572,19.40341084548506,18.75992780406965,3.280009327651332,3.7811932072155727
706,23.541648998822144,left_03,train,accepted,28.991593700632052,17.852372015731447,0.10270586329985086,22.590121859842945,20.774614639158354,18.685290942654948,20.2042561690369,3.275695106159197,3.9462657381715363
707,23.574994110718492,left_03,train,accepted,28.979207074472562,17.86147610479237,0.10144331731245185,21.857251082796267,22.32326117191028,17.851810164909725,21.37140913347531,3.288927792823421,4.1169866710681235
708,23.60833922261484,left_03,train,accepted,28.979207074472562,17.86147610479237,0.10144331731245185,20.892333162105064,23.52476097510045,16.866664910846197,22.21357283714866,3.288927792823421,4.233818513150877
709,23.64168433451119,left_03,train,accepted,28.979207074472562,17.86147610479237,0.10144331731245185,19.727570713353316,24.591099864045265,15.841553026350494,22.9494105174667,3.288927792823421,4.218563425429126
710,23.67502944640754,left_03,train,accepted,28.97775438210754,17.862408209828885,0.10146260035807877,18.50193891828952,25.861483738127834,14.777031063264356,23.798647177187732,3.2888271131921334,4.257961155950036
840,28.009893992932863,left_04,train,accepted,19.06725887365981,17.260032984631938,0.14447743850823355,10.327223912648499,15.11970157242355,6.406408823818425,15.032819576931834,3.1645790048415954,3.921777587005439
841,28.043239104829212,left_04,train,accepted,19.064581427268386,17.26110719094168,0.14503534968406578,11.060330988747609,14.694486387605076,7.176328621416808,14.658257425640043,3.163339285270319,3.8841713308138623
842,28.07658421672556,left_04,train,accepted,19.06279727852087,17.267262127613346,0.14740156888184824,11.632166365638804,14.737855460057611,7.733992495815214,14.759605654915132,3.1626429631647026,3.8982345478885394
843,28.10992932862191,left_04,train,accepted,19.063875210726607,17.26454607674774,0.14734210793294364,12.126798499016914,14.921074966874356,8.235394328812905,14.959474277965294,3.1630456371009954,3.891593622537355
844,28.143274440518258,left_04,train,accepted,19.062439985178237,17.27034484770917,0.14964844622327073,12.597618803317031,14.73479379425382,8.739550072788296,14.792838553005316,3.1626158231282866,3.858505348383248
845,28.176619552414607,left_04,train,accepted,19.06607791128485,17.267171050939936,0.14800185592968743,12.954855678556877,14.677365444356715,9.121610913362389,14.728867754833857,3.1665784105232078,3.8335907342692996
846,28.209964664310956,left_04,train,accepted,19.063802079165523,17.269319918936795,0.1480614159736243,13.164617969035787,14.96115984154811,9.34381588798272,14.936936852238706,3.1672771402282636,3.8208788643178067
847,28.243309776207305,left_04,train,accepted,19.06110559854015,17.271356999856813,0.1479981630283181,13.36190566842925,15.070085537771082,9.534758649149465,15.050764361536089,3.167507180168909,3.8271957900051636
848,28.27665488810365,left_04,train,accepted,19.061997605208674,17.26984885292743,0.1486891005063194,13.523769244058744,14.948172163434553,9.73730109336574,14.932258173628455,3.1671956118765197,3.7865015926688907
849,28.31,left_04,train,accepted,19.059699263380544,17.271124284788904,0.14758049151305888,13.722377725978538,14.83996455281223,9.908490405474543,14.871474722969783,3.1677984161662156,3.8140174861062834
850,28.343345111896348,left_04,train,accepted,19.057378310082495,17.268906337616635,0.1496756491956351,13.849586347712215,14.932814161379348,10.055858851375781,15.000114007799361,3.1627329865792824,3.7943243912173963
851,28.376690223792696,left_04,train,accepted,19.05518074081085,17.27340164573706,0.14905444073276175,14.040302049733988,14.975989323310504,10.21110074994362,15.012695778663257,3.158326730510988,3.8293772285034557
852,28.410035335689045,left_04,train,accepted,19.052550053661385,17.271375918203297,0.14980292124431294,14.20175917480582,14.988201680080724,10.409105908655174,15.027248231602641,3.1624528550086004,3.7928542590546392
853,28.443380447585394,left_04,train,accepted,19.049096072534624,17.274956194796346,0.1486819162159897,14.392254864637453,15.107053472279068,10.601353983928727,15.149222437135156,3.1627875928592024,3.791135411582555
854,28.476725559481743,left_04,train,accepted,19.06479598332827,17.27068261840794,0.14771846008200798,14.576255610462319,15.284054420427559,10.751441521283287,15.324909804979972,3.188273859750906,3.8250322847303333
855,28.51007067137809,left_04,train,accepted,19.06444230978351,17.277326238363468,0.1465377333574736,14.740023516658507,15.373494041624705,10.94717322505848,15.418888535798763,3.1791922194107656,3.793121932470894
856,28.54341578327444,left_04,train,accepted,19.12192653202338,17.278834924797724,0.1415525292951005,14.883595651121164,15.476598114727048,11.142871688377495,15.514356987355818,3.1869307927818955,3.740914526944834
857,28.57676089517079,left_04,train,accepted,19.315729320413084,17.30251365904551,0.13463015699071013,15.059730178855576,15.55743496619006,11.30948145589507,15.606845117091522,3.1930980438945573,3.7505742023160957
858,28.610106007067138,left_04,train,accepted,19.49413946003737,17.318341347777576,0.14057359131340963,15.218115063468192,15.612450366327636,11.476117023767143,15.678193194014389,3.194524657912991,3.7425755100623874
859,28.643451118963487,left_04,train,accepted,19.697534227365033,17.339847810460505,0.154481798125775,15.42106157501169,15.59492895272235,11.685548457835845,15.665687844052032,3.200247446858171,3.736183222125891
860,28.676796230859836,left_04,train,accepted,19.898317540413174,17.37559305081672,0.1541829172144027,15.592373924375403,15.61403123086557,11.89279212083397,15.686814826067693,3.2070395442672597,3.700297687055114
861,28.710141342756184,left_04,train,accepted,20.109473607505933,17.395340772020795,0.14502899827164956,15.790244035097423,15.793969853979567,12.063832723906287,15.862800864624486,3.20583182174133,3.727046950093283
862,28.743486454652533,left_04,train,accepted,20.331876343363305,17.438306141870147,0.1368541116509404,15.996120528364239,16.001058831777573,12.262672331173365,16.074470647161046,3.1865962315505367,3.734169885763861
863,28.776831566548882,left_04,train,accepted,20.585769741826784,17.462372501881077,0.1305560775681055,16.232836851689115,16.019077007983892,12.527498910023484,16.099606856331093,3.198080281073985,3.7062129348462585
864,28.81017667844523,left_04,train,accepted,20.899589972385503,17.48298086863832,0.12862900343539546,16.505346931774053,16.05168871567956,12.813250304580249,16.12554903101042,3.1771775818560384,3.6928353403200416
865,28.84352179034158,left_04,train,accepted,21.233863634633387,17.507812808199724,0.11632661521053168,16.81015633356751,16.19878369788586,13.119532098333552,16.27045654686043,3.180797833819229,3.6913201219856773
866,28.87686690223793,left_04,train,accepted,21.590939225289482,17.54786521055749,0.09435458038828293,17.166321489831653,16.320054560887712,13.457505548090742,16.4052653305568,3.2023705282149852,3.7097946796256953
867,28.910212014134277,left_04,train,accepted,21.99214563404633,17.561206486919748,0.08926342850130779,17.56741026587749,16.354730734819118,13.861150829845842,16.495966941319573,3.1905567071242906,3.7089495376993575
868,28.943557126030626,left_04,train,accepted,22.420236438388336,17.56954491606399,0.08208542282765366,17.917229253694444,16.464075186202937,14.227150453443949,16.619222740189283,3.1672349597204095,3.6933389115495587
869,28.97690223792697,left_04,train,accepted,22.831212704866978,17.57647437896064,0.06968510082249925,18.342055880141153,16.652244010612993,14.64923502451609,16.78393894338026,3.2139059247479302,3.6951683895400493
870,29.01024734982332,left_04,train,accepted,23.23990566456996,17.597873822149445,0.045773058147549936,18.69743573250139,16.84772669066151,15.03655265187171,16.949299446248578,3.1854609403174785,3.6622918991689066
871,29.04359246171967,left_04,train,accepted,23.642067074505395,17.587171318728167,0.028939072314637018,19.11669384960373,16.863827956840414,15.444576098139953,16.96946800966677,3.2093761044740794,3.673636971908976
872,29.076937573616018,left_04,train,accepted,24.047526371517286,17.561427578245134,0.04258780663187271,19.486138156722767,16.874162538374033,15.816080127760793,17.04219394428079,3.2252975017701444,3.673902623821057
873,29.110282685512367,left_04,train,accepted,24.437750116077837,17.52046530811139,0.007961946366963022,19.841594451170867,16.9509578458714,16.182839013231437,17.10422734759247,3.1998273870051817,3.661964349199646
874,29.143627797408715,left_04,train,accepted,24.77286161398855,17.522898120018137,0.0027620291506741264,20.166172237796147,17.014057670959513,16.47847823109678,17.185140106986886,3.1915377398517806,3.6916603699370123
875,29.176972909305064,left_04,train,accepted,25.041630197294317,17.487820757581787,-0.020013046177485436,20.407004151250593,17.01508947858435,16.777639771750664,17.182263781078515,3.2445241205178776,3.633212496757837
876,29.210318021201413,left_04,train,accepted,25.3536172335184,17.47732976095604,-0.025912994470989072,20.73289775321562,16.960222013025508,17.085266097845423,17.14243804108297,3.2038239329924827,3.652180085118992
877,29.243663133097762,left_04,train,accepted,25.609633812256938,17.458478212599687,-0.009502400224150047,20.969179646656695,16.954899517122307,17.334074023917378,17.142520796653656,3.2383295198552493,3.6399443172944252
878,29.27700824499411,left_04,train,accepted,25.849853275827826,17.456799738181278,-0.00292257838344136,21.195549962194566,16.948929867546905,17.561958314993735,17.13152744544202,3.247977209634309,3.6381767595954995
879,29.31035335689046,left_04,train,accepted,26.090595379497742,17.438112077084803,-0.001382015528885009,21.41084915237094,16.91668139204633,17.776665524257755,17.11205461650357,3.2333613353901116,3.6394314583023446
880,29.34369846878681,left_04,train,accepted,26.30748620956256,17.379956966855772,-0.021577305812183752,21.608116838529046,16.88750260280067,17.983451330001117,17.079857948274107,3.254587272677719,3.629765919125397
881,29.377043580683157,left_04,train,accepted,26.533294794609375,17.370233121219382,-0.030539858084689286,21.788734059703746,16.838737004504782,18.18372146930059,17.012618477121915,3.2377340411136304,3.6092035885337332
882,29.410388692579506,left_04,train,accepted,26.729425746196227,17.32313126774156,-0.020483219214569685,21.988158413708877,16.82612732197564,18.368737377318467,17.01057474979418,3.2358815803489587,3.6241177536463
883,29.443733804475855,left_04,train,accepted,26.910373774230735,17.315373134645757,-0.018481462432680378,22.121975519572935,16.83911800524005,18.534344900669005,17.0088384730481,3.2167175084565307,3.591642868505996
884,29.477078916372204,left_04,train,accepted,27.10182419692007,17.306544068055846,-0.0367793130370207,22.30395566546283,16.82419551219131,18.70745234745117,17.003397569586912,3.258586522583556,3.6009650781205442
885,29.510424028268552,left_04,train,accepted,27.322796732209653,17.28241848755883,-0.035137207837284586,22.50832984772296,16.79449795800319,18.905957652393415,16.99039234965063,3.242700431956283,3.6076945611238096
886,29.5437691401649,left_04,train,accepted,27.490083814801263,17.277638572016834,-0.029597606619918646,22.666730679560963,16.80693958159302,19.064395117102595,16.99139806648791,3.236130153213686,3.607055092066375
887,29.57711425206125,left_04,train,accepted,27.65256562600672,17.26540468902349,-0.025273060262496677,22.82019222984373,16.798120898359628,19.216693863363847,16.999529433534274,3.249938127147765,3.6091225907780387
888,29.6104593639576,left_04,train,accepted,27.7937089536224,17.277266356298725,-0.027951455084891254,22.951651315564135,16.802684432551366,19.347948741994497,17.005063023019122,3.249025375555874,3.6093807408795415
889,29.643804475853948,left_04,train,accepted,27.89162732546238,17.263136822604913,-0.028851541401273335,23.021661203373462,16.80127433154552,19.438745178864046,17.002713372985248,3.2494410437674683,3.5885742191157917
890,29.677149587750296,left_04,train,accepted,27.971705579453506,17.262834108940098,-0.03357048900134784,23.109844893830772,16.7990602309098,19.506591746805245,16.999701524942726,3.249807183137941,3.6088350156831175
891,29.71049469964664,left_04,train,accepted,28.02526815098416,17.24990646772536,-0.03122014328065766,23.13683511958786,16.801935041604505,19.56231176118397,17.012773818540218,3.246925867671744,3.580735989937652
892,29.74383981154299,left_04,train,accepted,28.033503815372313,17.256982104134376,-0.02812091280147471,23.193546947910423,16.805797863997537,19.588977210424392,17.01760711311389,3.2546420072724653,3.6107874695710556
893,29.77718492343934,left_04,train,accepted,28.03318094391979,17.254071916263612,-0.02599508408034159,23.202412930401884,16.801060904837108,19.589574121845267,17.016632381512697,3.252874440303601,3.619264471984452
894,29.810530035335688,left_04,train,accepted,28.038308664533016,17.249106739367893,-0.026857811790367704,23.202667245953062,16.798610296238166,19.597025048962855,17.011299462593264,3.25365542446689,3.6119097904295994
895,29.843875147232037,left_04,train,accepted,28.039144389452424,17.252622879645866,-0.025424409701251944,23.198058940168305,16.799071410846633,19.599704216267845,17.017770141645517,3.257640042812971,3.604994570574247
896,29.877220259128386,left_04,train,accepted,28.053814003595875,17.24707100555235,-0.024225391714723314,23.10228257312368,16.94937943635407,19.574736702900193,17.1806304064319,3.237094794566669,3.5351176610818373
897,29.910565371024735,left_04,train,accepted,28.058599840248572,17.248075805522888,-0.025024463452943232,23.135644860019696,18.109269444406443,19.508305621878435,18.15749214453095,3.227300711219732,3.6276597659326484
898,29.943910482921083,left_04,train,accepted,28.0581593499724,17.24731736700888,-0.02506626863917147,23.1635503713451,19.516811487655445,19.436376516960834,19.376692466984657,3.2270482505271723,3.7298067350412945
899,29.977255594817432,left_04,train,accepted,28.057422517434382,17.247597127610405,-0.02506957169248967,22.90771015503644,20.925392587190284,19.06516029688631,20.52268845219006,3.2269525103561114,3.863594185821779
900,30.01060070671378,left_04,train,accepted,28.063666133663705,17.24528288053023,-0.02742587111086323,22.310909941615876,22.253017372145823,18.3622397505717,21.581532007498573,3.213563745742677,4.005357521192871
901,30.04394581861013,left_04,train,accepted,28.063456293932703,17.250917179807125,-0.028191539755888936,21.426768468667177,23.245077271764615,17.491325190860938,22.307399370752137,3.2140378168215324,4.045609180194929
902,30.07729093050648,left_04,train,accepted,28.068042228592326,17.2455164992339,-0.02538471120695681,20.693551730828442,23.7775953769181,16.68629471558539,22.616026527391007,3.2060519894069324,4.1722117609735925
1044,34.81229681978799,left_05,validation,accepted,20.855007471401827,17.70488139357204,0.1349133685753602,14.01088782753112,14.263246094798367,10.21313420535952,14.607889655728368,3.1864708499945613,3.8133596419440976
1045,34.845641931684334,left_05,validation,accepted,20.85813096103755,17.694425951660595,0.1290885666997338,14.129070449195458,14.36241464840638,10.329125652325395,14.702670891938736,3.1865488935866955,3.8151480666577826
1046,34.878987043580686,left_05,validation,accepted,20.859710549200386,17.69863981543646,0.13254680253566103,14.333852821649085,14.36528074349574,10.5446979845514,14.74420404903358,3.1840006586985554,3.808054260508969
1047,34.91233215547703,left_05,validation,accepted,20.85970564424288,17.698154067322733,0.13262442574347083,14.5668478916072,14.444916819528574,10.763661396447528,14.846201877826504,3.1836688364889576,3.8242982643849945
1048,34.945677267373384,left_05,validation,accepted,20.855808679475317,17.701145574139588,0.1327417247783054,14.773493982368533,14.816011125386833,10.972128699227243,15.181042917287394,3.1833859009511323,3.8188514274543333
1049,34.97902237926973,left_05,validation,accepted,20.855789526256558,17.698718390868674,0.13268128067570392,14.997837437060339,15.163691004338776,11.176050171260327,15.522218702049342,3.1836070814981117,3.8385674430777907
1050,35.01236749116608,left_05,validation,accepted,20.854704165855864,17.69956899800408,0.13266244343522401,15.2374431269851,15.323852713478546,11.419386188282454,15.661301521729099,3.183724258276297,3.8329401880756166
1051,35.04571260306243,left_05,validation,accepted,20.86194158447035,17.694544045101416,0.12864685597060796,15.429608860802887,15.462648014439692,11.612429177870897,15.80084450708143,3.1965852855944665,3.8321322523399344
1052,35.07905771495877,left_05,validation,accepted,20.861681642806982,17.695771690450663,0.1286072281454231,15.592601128270134,15.672983887704959,11.807587251082069,15.983790122675531,3.1963436039280486,3.7977533577370206
1053,35.112402826855124,left_05,validation,accepted,20.858891297214708,17.694277925963426,0.12947795639390128,15.80717928520243,15.712951498500765,12.029821912065247,16.029393659838817,3.1987824128809037,3.790588920717484
1054,35.14574793875147,left_05,validation,accepted,20.858682924080853,17.694129553991473,0.12947135568350623,15.991244627532993,15.72040715816419,12.229905243840928,16.031146558752148,3.198738494072002,3.774153273833849
1055,35.17909305064782,left_05,validation,accepted,20.858893700881815,17.69403150292633,0.12948671045290028,16.139333761784776,15.791160241015083,12.372482940105568,16.10367593123013,3.198751042793069,3.7797924770304405
1056,35.21243816254417,left_05,validation,accepted,20.859895734627,17.69636834971632,0.12894188233579681,16.303913741380732,15.829014131765556,12.555649873248553,16.131797662473275,3.1976027815683734,3.7604733600456526
1057,35.24578327444052,left_05,validation,accepted,20.86166498170225,17.697401233685298,0.1285224789363023,16.49110337896569,15.818452178762543,12.733376783833153,16.137161486475684,3.1945735992039364,3.7712179447214873
1058,35.279128386336865,left_05,validation,accepted,20.973787972043635,17.699140986653504,0.1395048012870014,16.59966267788447,15.814827887252214,12.90349092229215,16.130808306399338,3.2008274660232563,3.7096535245387554
1059,35.31247349823322,left_05,validation,accepted,21.14679174474743,17.717143066865727,0.13851611731431293,16.797885236022683,15.822938180065467,13.076044989610372,16.136589531257968,3.189236757366213,3.7350330640998797
1060,35.34581861012956,left_05,validation,accepted,21.337703480551028,17.732282338151215,0.13410928500328548,16.94403088263415,15.8468366683771,13.252639566737152,16.153699953219345,3.186122243818639,3.7041240425590414
1061,35.379163722025915,left_05,validation,accepted,21.571412146542926,17.734527252796102,0.13824941309002206,17.184737404518142,15.839613714835025,13.476540597612527,16.144544220438654,3.2092352361333067,3.720713126806834
1062,35.41250883392226,left_05,validation,accepted,21.814708309512763,17.738947033841743,0.14347160996552985,17.42026534782362,15.822376419813983,13.726197194975267,16.127664626700295,3.2095216066107235,3.7066616256616003
1063,35.44585394581861,left_05,validation,accepted,22.08761705426989,17.745864920530018,0.14369217890053873,17.689667445671137,15.783410793795413,13.982479223655082,16.10527510522646,3.205550390775412,3.7211343899982365
1064,35.47919905771496,left_05,validation,accepted,22.40315209078917,17.766525388850873,0.1431725656127862,17.942239534485008,15.863278036354517,14.267356356413083,16.144008307875055,3.2080471279773133,3.6855902997788568
1065,35.51254416961131,left_05,validation,accepted,22.758416398011736,17.819873258309954,0.16006823674782839,18.28133785791509,15.860906547913583,14.624651410491046,16.15806291559969,3.223512091316046,3.668740612476042
1066,35.545889281507655,left_05,validation,accepted,23.119220774533773,17.847216638731403,0.1625357057557733,18.653394315168082,15.85617599050618,14.981842517088767,16.154498584999196,3.2232619795326434,3.683651581836222
1067,35.57923439340401,left_05,validation,accepted,23.516655058927622,17.858390092355798,0.16626088174586384,19.018985487235977,15.853200255232217,15.35105357192277,16.13838699329137,3.2285331937484187,3.679002040083428
1068,35.61257950530035,left_05,validation,accepted,23.924580366011394,17.8931867741974,0.15649159869323592,19.370572240372866,15.867933583999214,15.741260419417435,16.190976644548766,3.2186442704229257,3.6436604002974877
1069,35.645924617196705,left_05,validation,accepted,24.32321936866962,17.927116304685505,0.14630441064165695,19.771679451632416,15.949319569582823,16.117804762044678,16.21855397449038,3.223188011236473,3.663780480868882
1070,35.67926972909305,left_05,validation,accepted,24.72501328305715,17.943653209437535,0.14362181308036426,20.11694168189327,15.981739893887067,16.495693495490677,16.235193330561284,3.226826493968295,3.63010703314462
1071,35.7126148409894,left_05,validation,accepted,25.11100052725793,17.96277758978492,0.14397893287316163,20.481328022793427,15.985985825271555,16.861134062262966,16.246824926359338,3.2263318497604785,3.629578673691687
1072,35.74595995288575,left_05,validation,accepted,25.482384408272765,18.00337100480632,0.16636838671812632,20.822070593975205,16.003842027952523,17.210326185162018,16.258232259886416,3.2413151919832424,3.620692207948185
1073,35.77930506478209,left_05,validation,accepted,25.83067133026142,18.027105542904017,0.17140017175175035,21.155275020417612,15.984541514172536,17.545428172199525,16.246626837220504,3.250473422345982,3.6193484198329418
1074,35.812650176678446,left_05,validation,accepted,26.155235370600288,18.04415026235946,0.17888052831191836,21.460753536950932,15.945577956336843,17.87231064842685,16.21524152557962,3.2570853302584206,3.598560935259511
1075,35.84599528857479,left_05,validation,accepted,26.464696857987025,18.04603490032085,0.18098080193766544,21.734922480339296,15.940077345815075,18.154904028007657,16.182013777842464,3.27116983839153,3.588184130751538
1076,35.87934040047114,left_05,validation,accepted,26.77429291780596,18.053342121450903,0.18090317437416323,22.032578868253484,15.936773931573372,18.45688417633103,16.15793924082212,3.2695250698165865,3.582527965537395
1077,35.91268551236749,left_05,validation,accepted,27.070901184230724,18.04866674638337,0.18549743590699055,22.303217639458833,15.879857275863396,18.7372226809198,16.130756043633056,3.2683307516286924,3.5748105174951768
1078,35.94603062426384,left_05,validation,accepted,27.37313287478337,18.054464543013435,0.18748982002329773,22.60047191228812,15.832810249788889,19.029908568200796,16.085344297913593,3.263060821255736,3.5794826497138263
1079,35.979375736160186,left_05,validation,accepted,27.660627260982718,18.05652309213575,0.18500502913344205,22.84897115303925,15.842946930007297,19.287885181511992,16.07775724352247,3.2727443631107573,3.5688190175380616
1080,36.01272084805654,left_05,validation,accepted,27.954411060039927,18.05733716514238,0.18447663728087202,23.129301590494407,15.855902925695487,19.55301520178446,16.073371156157393,3.2842531653412017,3.582892234680281
1081,36.046065959952884,left_05,validation,accepted,28.206402939150806,18.060504728168695,0.1855227246154256,23.368095986736396,15.850707156718398,19.807177620875276,16.07278334923021,3.2852032958558093,3.567836521424093
1082,36.079411071849236,left_05,validation,accepted,28.448326701979013,18.087876669609727,0.18028033646136477,23.594503776960597,15.868513111546111,20.040745551852886,16.09464659436479,3.2879946891416005,3.5609456433049367
1083,36.11275618374558,left_05,validation,accepted,28.686579463007398,18.093766473330383,0.17933067749947626,23.81221773682679,15.916268885216429,20.25799528432458,16.137427202835436,3.2882258772397286,3.561096494525652
1084,36.146101295641934,left_05,validation,accepted,28.901860421454746,18.107554167126295,0.16847718428588224,23.99576110666317,16.006758633086164,20.451474284013404,16.186490939741837,3.30036806358123,3.5488410479006447
1085,36.17944640753828,left_05,validation,accepted,29.1020982118712,18.123626488137436,0.16904214367309325,24.194113762064386,16.018394668516986,20.62995543005654,16.206200734244625,3.3107519284826523,3.5691029312622864
1086,36.21279151943463,left_05,validation,accepted,29.31078400907377,18.13788099478053,0.16594988310515252,24.380937772426982,16.034496991220905,20.821598780470712,16.207385258290476,3.2922705444221196,3.5635353811279322
1087,36.24613663133098,left_05,validation,accepted,29.511358495983536,18.139743437027125,0.1650879023024084,24.558161046766696,16.036499019519052,21.01752817366407,16.20961666972406,3.3036920488785517,3.544862601414541
1088,36.27948174322733,left_05,validation,accepted,29.687745564416836,18.133535964069324,0.16383049723538465,24.71855010067736,16.04716825078663,21.16472623417272,16.215248578577263,3.3133231593104138,3.5577963784803925
1089,36.312826855123674,left_05,validation,accepted,29.818002230445465,18.13326044141641,0.16357980453201243,24.839998459812538,16.045145289243294,21.299239084977188,16.22281755462587,3.3103658613148785,3.5452142931521915
1090,36.34617196702003,left_05,validation,accepted,29.888134385811682,18.14334184391888,0.16980287348984546,24.912847679055485,16.040953985635827,21.351466077229897,16.231532330621675,3.304424673752999,3.5664771160627584
1091,36.37951707891637,left_05,validation,accepted,29.890244184467505,18.143730145315928,0.16978740353118177,24.907462571423945,15.914137823933862,21.3476630735341,16.120696487459334,3.3088519600341884,3.565787282866747
1092,36.412862190812724,left_05,validation,accepted,29.89350175896429,18.144693958061012,0.16954542921739404,24.833445097925953,15.647653287734585,21.271799138146946,15.87216741040523,3.302104874612457,3.5687152497906993
1093,36.44620730270907,left_05,validation,accepted,29.895357044880484,18.140278130838226,0.16708564358445796,24.571522415199535,15.46489832856214,21.0050604945964,15.695751098204212,3.3069067685979485,3.573925521378925
1094,36.47955241460542,left_05,validation,accepted,29.897592695973678,18.140597484584408,0.16712010541851569,24.14139770886607,15.359236947464984,20.510965459165412,15.642816298556937,3.3023915143546336,3.641490844150553
1095,36.51289752650177,left_05,validation,accepted,29.899017223058515,18.138273731931555,0.1678554153629027,23.541196177030823,15.316945241941236,19.865083148055763,15.516072453654452,3.3009699735889435,3.6815022271139357
1096,36.54624263839811,left_05,validation,accepted,29.898371490004912,18.137689466218866,0.16785409235404256,22.767326655145943,15.453639403723008,19.050567386281504,15.57119436173662,3.3009449726454143,3.71861783877334
1097,36.579587750294465,left_05,validation,accepted,29.90044324108257,18.136540404823318,0.16771932306628934,21.743593432646772,15.960834611197866,18.017667390955115,15.886900216122191,3.3026159766477305,3.7266595179773625
1098,36.61293286219081,left_05,validation,accepted,29.90096332411992,18.136422985650604,0.16771329456103073,20.566140485496476,16.648013761230615,16.920005760751927,16.343007049117332,3.3026861827332077,3.6588697059914774
1099,36.64627797408716,left_05,validation,accepted,29.90037447828591,18.135998304166026,0.16772358033007503,19.175299996771315,17.800572938504736,15.553971804126078,17.201219870155853,3.302411288329923,3.6705915026581803
1100,36.67962308598351,left_05,validation,accepted,29.90139120198732,18.13701310071013,0.167688788733898,17.403584066977643,19.403908611337563,13.891960849884466,18.357431839746805,3.3024126160663654,3.6642340607972703
1215,40.5143109540636,left_06,test,accepted,20.234301524566927,17.482520881658672,0.19049382931203263,10.283032811361462,17.705837270105867,6.383974295528558,16.68490022921588,3.1866136618342646,4.030504900300989
1216,40.547656065959956,left_06,test,accepted,20.241317559266548,17.485512181261335,0.1894920296495586,10.943056336705931,14.894924451598637,7.074096787673838,14.479824727828555,3.194369140505221,3.8911638069760843
1217,40.5810011778563,left_06,test,accepted,20.237927843549702,17.490337524830636,0.19323709280233511,11.617168597183099,12.966998588241541,7.739225232399544,12.975461807431419,3.1884241027081393,3.877952599832527
1218,40.61434628975265,left_06,test,accepted,20.23715923715726,17.49635452339954,0.19357845586804115,12.060109447827148,12.740600737454551,8.232723876480447,12.761620767598213,3.175793289690221,3.827443291992731
1219,40.647691401649,left_06,test,accepted,20.238568434455363,17.494232893908592,0.19277783466918993,12.457292693091484,12.9968175680054,8.642781923816383,12.972652971069632,3.175392051686863,3.8145873088265763
1220,40.68103651354535,left_06,test,accepted,20.23868477186638,17.49345641064128,0.1925643098167553,12.954516885564761,13.257649110575057,9.141747108719528,13.17116929732834,3.1748830615525714,3.8137504020745294
1221,40.714381625441696,left_06,test,accepted,20.24083116689559,17.49654083593737,0.19363891768245198,13.475005084166815,13.3179033332859,9.658900221780701,13.26669480888809,3.17540517912762,3.8164484319453265
1222,40.74772673733805,left_06,test,accepted,20.235254743032645,17.49518193743792,0.19226546178244833,13.83992643112488,13.521118795130286,10.06459342549989,13.447917383532014,3.1779935013600684,3.7760426043705335
1223,40.781071849234394,left_06,test,accepted,20.228941323301292,17.50365633040635,0.1939908756394934,14.124640834623978,13.854412639824346,10.36302541614885,13.714284903954818,3.1808913346925705,3.7642245335353905
1224,40.81441696113074,left_06,test,accepted,20.232112874183706,17.498620102010918,0.19645020392440013,14.407056799227787,13.910308595448601,10.64009027005233,13.779855107798225,3.179932723771678,3.7692247139655044
1225,40.84776207302709,left_06,test,accepted,20.235856199816936,17.496274581699957,0.19512643194758397,14.6413093768434,14.06160959937106,10.88356873611171,13.914934466699972,3.1858333627306825,3.7606021216755563
1226,40.88110718492344,left_06,test,accepted,20.225293837570476,17.49838783959079,0.1953795053202756,14.744924763663697,14.485885602835458,11.034416056721861,14.293112421505432,3.180818670845701,3.7155129341359143
1227,40.91445229681979,left_06,test,accepted,20.226170515563602,17.499502606615422,0.19492367683397044,14.867320152008485,14.668724039879692,11.166852770369026,14.456385566250288,3.1808171094546758,3.7065545281245846
1228,40.947797408716134,left_06,test,accepted,20.22480033280161,17.498363427748124,0.1954361995391276,15.048813319077723,14.648978995913247,11.300126699332312,14.422414381490338,3.1808886611088116,3.75552698000785
1229,40.98114252061249,left_06,test,accepted,20.225646402724628,17.497536707906548,0.19567596644747842,15.200962937793598,14.594243552968026,11.480118064711215,14.38939824206819,3.1807388725425008,3.7264793265146534
1230,41.01448763250883,left_06,test,accepted,20.22440942253477,17.496825539233036,0.19567484060887566,15.35656315662651,14.673737772845815,11.629756824284755,14.4668533724771,3.180678057820999,3.7325442521018464
1231,41.047832744405184,left_06,test,accepted,20.22314652865161,17.495280134613925,0.19620817246735084,15.503368676722824,14.686926087757671,11.78323098985115,14.473454170149129,3.180575320534868,3.72625746143371
1232,41.08117785630153,left_06,test,accepted,20.222361845329086,17.494700937494876,0.19620272070875233,15.719971545396453,14.588764788233082,11.980299446110688,14.409647413664661,3.180536018278258,3.743959193694381
1233,41.11452296819788,left_06,test,accepted,20.229274053155933,17.503356503984563,0.1970037760761372,15.919266535370177,14.554843851706146,12.204154279589918,14.39713802358736,3.1809294428506343,3.7184580408109102
1234,41.14786808009423,left_06,test,accepted,20.266816206847892,17.512556665941077,0.19759019359752789,16.072097383198415,14.669346647279085,12.407519413516743,14.495875784398622,3.1896979707937523,3.668681484695112
1235,41.18121319199058,left_06,test,accepted,20.518936581245985,17.57708691385183,0.213241862590348,16.299464730287532,14.807348100807703,12.665586278146549,14.612312596285816,3.2038440140694098,3.639108606919922
1236,41.214558303886925,left_06,test,accepted,20.80721492707501,17.667471683700384,0.23058997011480853,16.59950824295857,14.81170105023557,12.947904965668972,14.628636614713876,3.204912307712681,3.6561891474956565
1237,41.24790341578328,left_06,test,accepted,21.112835595339288,17.731943321734494,0.234376741703833,16.86639281164174,14.868806971272969,13.252076563799191,14.727735062995084,3.2006347096957204,3.6170683187802544
1238,41.28124852767962,left_06,test,accepted,21.469736989861286,17.833716669036782,0.24070994836067452,17.1994876127492,15.099027863432937,13.570760426403577,14.918165877358597,3.2136150073265917,3.6332316263803723
1239,41.314593639575975,left_06,test,accepted,21.842403310745986,17.946594932603226,0.24377841758695457,17.519246853279075,15.340544916141225,13.901589355343209,15.14290372192481,3.224527036778992,3.6230522786764867
1240,41.34793875147232,left_06,test,accepted,22.212521661053145,18.069623413507024,0.23481477819343538,17.843151943030186,15.498190081426381,14.236038439667013,15.296695866100757,3.2125052545377604,3.612736877348617
1241,41.38128386336867,left_06,test,accepted,22.61017376018514,18.171143955291328,0.23607512938838526,18.216410602915037,15.625436107304223,14.615103913630376,15.421700946887068,3.20855687618553,3.60706499607044
1242,41.41462897526502,left_06,test,accepted,23.040584567041,18.2838676256483,0.22858677748778097,18.61005530026483,15.761162434063321,15.0091371572892,15.56934899208441,3.2212721822456305,3.606023276260825
1243,41.44797408716137,left_06,test,accepted,23.451883967596945,18.41058328322578,0.21968918960440345,18.969372931515142,16.016626809434307,15.378683305138251,15.814587570363972,3.2393719181516607,3.59636925900202
1244,41.481319199057715,left_06,test,accepted,23.880569943437017,18.516253350135905,0.20175106750322927,19.328558926041982,16.188547004416392,15.746739936128588,15.977714297343796,3.203238120961061,3.588018632459392
1245,41.51466431095406,left_06,test,accepted,24.293136319945116,18.60031830030704,0.21577908264458734,19.73073462689826,16.280630883573192,16.150683611501137,16.080779457322652,3.236927608918474,3.5856248919010434
1246,41.54800942285041,left_06,test,accepted,24.695978313784412,18.662461375165535,0.2040067035479541,20.098833301294597,16.326214965510363,16.510648769236354,16.126481618725805,3.221574310410357,3.593739228981395
1247,41.58135453474676,left_06,test,accepted,25.084754667727136,18.74054236038771,0.2131657994218483,20.459665432694475,16.466582790226113,16.87953335062288,16.264821958070144,3.2504118749759043,3.5858127612119644
1248,41.61469964664311,left_06,test,accepted,25.45417701797639,18.81418146846216,0.1986207578701387,20.79786107373859,16.495292627606208,17.233066959498338,16.344111340483,3.248007347182211,3.5679984386905477
1249,41.648044758539456,left_06,test,accepted,25.827036693951726,18.846900166603845,0.20074024488014872,21.14771665914832,16.492172882478666,17.593754422075893,16.35640456201843,3.2514556771974434,3.5565545995214856
1250,41.68138987043581,left_06,test,accepted,26.181237094102062,18.91077983389083,0.21652521993173368,21.481883208571528,16.508767400397915,17.93488197830032,16.37995264886461,3.287205300577801,3.549339511480698
1251,41.71473498233215,left_06,test,accepted,26.51942710276668,18.968727962734384,0.21368227888736838,21.809693665996807,16.61606836195484,18.25394277543074,16.470219302906102,3.26773616383419,3.5587408368391733
1252,41.748080094228506,left_06,test,accepted,26.872894314107,19.045308809910285,0.20857531243644728,22.117595242574133,16.774133003982413,18.571616848991194,16.579594052233542,3.266077106927524,3.5513107680833267
1253,41.78142520612485,left_06,test,accepted,27.22624371939532,19.099621422689847,0.20306420878119422,22.43356752440021,16.797494108170778,18.879656806073154,16.655272901364317,3.2770378438171606,3.5567553002006504
1254,41.8147703180212,left_06,test,accepted,27.55351445994677,19.142999638122077,0.20758156562681823,22.727391071007542,16.79945275898344,19.213397626877807,16.683412121625526,3.2718547397062756,3.5159088945684
1255,41.84811542991755,left_06,test,accepted,27.88021842840803,19.209368377720573,0.21211388745444965,23.055036019759733,16.87347800040931,19.522267191939303,16.715544042043625,3.281575652598389,3.536297318668891
1256,41.8814605418139,left_06,test,accepted,28.21159203394574,19.253352314226873,0.20857781994214436,23.358871377869836,16.914452147998983,19.813256869731628,16.801570035712064,3.2966364374249273,3.547410973032939
1257,41.914805653710246,left_06,test,accepted,28.544004748221838,19.30016993276117,0.21436317581904632,23.65565522042897,16.923447551087467,20.138004232909985,16.836403565791997,3.2885513122414034,3.518727770852613
1258,41.9481507656066,left_06,test,accepted,28.87125313785436,19.3537002904268,0.21573971038730938,23.964150874665897,16.945115498791594,20.45451404774486,16.85655962653142,3.2900408308681115,3.5107538790681607
1259,41.981495877502944,left_06,test,accepted,29.215006478172,19.40795634980089,0.21999116908475005,24.29299273237584,17.042394105276358,20.768492940253733,16.925515630257436,3.30534971203305,3.526437205252849
1260,42.014840989399296,left_06,test,accepted,29.539887137099647,19.415855371114926,0.2124969163835748,24.588362843836272,17.06306624333409,21.07000962703444,16.98902744905917,3.3030234140690085,3.519132151715459
1261,42.04818610129564,left_06,test,accepted,29.80950649489863,19.432074910810833,0.2101210449223033,24.832840066317335,17.076493321362644,21.315572801903524,17.00505315769929,3.3318100856489945,3.5179927098135457
1262,42.081531213191994,left_06,test,accepted,30.062301897220685,19.471380939359697,0.19270018169035602,25.05287655384578,17.17576889206577,21.543879024783397,17.123789753754554,3.309167360802883,3.5093824940843215
1263,42.11487632508834,left_06,test,accepted,30.274414845047307,19.47637038299822,0.18998314837860458,25.249972050058577,17.19348790330705,21.748838151542955,17.110709782788707,3.309365901689502,3.502112332945896
1264,42.14822143698469,left_06,test,accepted,30.410327814956098,19.502539213751824,0.18310115497658672,25.383055791376997,17.19889458652506,21.87941387287996,17.131927728694578,3.308918148173606,3.5042818455565574
1265,42.18156654888104,left_06,test,accepted,30.49584540483157,19.511875781948223,0.18682451983953507,25.452315671687753,17.214423883230246,21.948433621930718,17.203214717743176,3.3057901654360253,3.50389997916614
1266,42.21491166077738,left_06,test,accepted,30.520624621636667,19.532058334400553,0.18477864377214187,25.479270368246848,17.232606701664203,21.95627740525111,17.22615623939428,3.321643997022038,3.522998868262801
1267,42.248256772673734,left_06,test,accepted,30.51850176929478,19.536851505383062,0.18231392663450757,25.481663663209254,17.2445447306245,21.95748384026692,17.22213225283255,3.318875983782421,3.5242510897486614
1268,42.28160188457008,left_06,test,accepted,30.525653690000116,19.533448292804465,0.18324634406401463,25.482702733687628,17.251041826560815,21.97465715627519,17.169756220435584,3.3293455642594703,3.5089871933317336
1269,42.31494699646643,left_06,test,accepted,30.52548394991114,19.533320790347968,0.18324619083704155,25.422059326916916,17.229925343393514,21.912799580691857,17.146475606140257,3.329348652248749,3.5102518179075415
1270,42.34829210836278,left_06,test,accepted,30.528691283519322,19.5324355481063,0.18453303211663194,25.31511277263979,17.090711424592442,21.762584512165663,16.99128117852717,3.3259463701432446,3.5539194441208037
1271,42.38163722025913,left_06,test,accepted,30.533315369366917,19.529927031875737,0.18653098771880358,24.994097604101185,17.33373972714077,21.44409224419068,17.096419143738466,3.3177823983486765,3.5579290485758306
