epoch,train_normalized_mse,validation_normalized_mse
1.000000000000000000e+00,1.145150899887084961e+00,1.123057961463928223e+00
2.000000000000000000e+00,1.087727546691894531e+00,1.060150384902954102e+00
3.000000000000000000e+00,1.035139799118041992e+00,1.002397298812866211e+00
4.000000000000000000e+00,9.868383407592773438e-01,9.491433501243591309e-01
5.000000000000000000e+00,9.423065781593322754e-01,8.998149633407592773e-01
6.000000000000000000e+00,9.011182188987731934e-01,8.539609909057617188e-01
7.000000000000000000e+00,8.629419207572937012e-01,8.112656474113464355e-01
8.000000000000000000e+00,8.275485038757324219e-01,7.715467214584350586e-01
9.000000000000000000e+00,7.948132157325744629e-01,7.347460389137268066e-01
1.000000000000000000e+01,7.647066116333007812e-01,7.009129524230957031e-01
1.100000000000000000e+01,7.372802495956420898e-01,6.701815128326416016e-01
1.200000000000000000e+01,7.126464247703552246e-01,6.427435874938964844e-01
1.300000000000000000e+01,6.909501552581787109e-01,6.188101172447204590e-01
1.400000000000000000e+01,6.723305583000183105e-01,5.985571742057800293e-01
1.500000000000000000e+01,6.568719744682312012e-01,5.820597410202026367e-01
1.600000000000000000e+01,6.445521712303161621e-01,5.692290067672729492e-01
1.700000000000000000e+01,6.351941823959350586e-01,5.597754716873168945e-01
1.800000000000000000e+01,6.284413933753967285e-01,5.532119870185852051e-01
1.900000000000000000e+01,6.237718462944030762e-01,5.489041209220886230e-01
2.000000000000000000e+01,6.205567717552185059e-01,5.461554527282714844e-01
2.100000000000000000e+01,6.181469559669494629e-01,5.442995429039001465e-01
2.200000000000000000e+01,6.159608364105224609e-01,5.427795052528381348e-01
2.300000000000000000e+01,6.135514974594116211e-01,5.411964058876037598e-01
2.400000000000000000e+01,6.106395125389099121e-01,5.393175482749938965e-01
2.500000000000000000e+01,6.071079373359680176e-01,5.370540022850036621e-01
2.600000000000000000e+01,6.029747724533081055e-01,5.344245433807373047e-01
2.700000000000000000e+01,5.983533263206481934e-01,5.315173864364624023e-01
2.800000000000000000e+01,5.934121608734130859e-01,5.284541249275207520e-01
2.900000000000000000e+01,5.883390903472900391e-01,5.253577828407287598e-01
3.000000000000000000e+01,5.833110809326171875e-01,5.223298668861389160e-01
3.100000000000000000e+01,5.784739255905151367e-01,5.194340348243713379e-01
3.200000000000000000e+01,5.739283561706542969e-01,5.166894197463989258e-01
3.300000000000000000e+01,5.697228908538818359e-01,5.140739083290100098e-01
3.400000000000000000e+01,5.658562779426574707e-01,5.115330219268798828e-01
3.500000000000000000e+01,5.622835755348205566e-01,5.089945793151855469e-01
3.600000000000000000e+01,5.589297413825988770e-01,5.063837766647338867e-01
3.700000000000000000e+01,5.557040572166442871e-01,5.036373138427734375e-01
3.800000000000000000e+01,5.525147914886474609e-01,5.007136464118957520e-01
3.900000000000000000e+01,5.492814183235168457e-01,4.975999593734741211e-01
4.000000000000000000e+01,5.459420680999755859e-01,4.943134784698486328e-01
4.100000000000000000e+01,5.424579381942749023e-01,4.908992648124694824e-01
4.200000000000000000e+01,5.388131737709045410e-01,4.874238669872283936e-01
4.300000000000000000e+01,5.350121259689331055e-01,4.839668571949005127e-01
4.400000000000000000e+01,5.310744047164916992e-01,4.806115329265594482e-01
4.500000000000000000e+01,5.270293951034545898e-01,4.774364233016967773e-01
4.600000000000000000e+01,5.229106545448303223e-01,4.745073020458221436e-01
4.700000000000000000e+01,5.187504887580871582e-01,4.718723893165588379e-01
4.800000000000000000e+01,5.145769119262695312e-01,4.695575833320617676e-01
4.900000000000000000e+01,5.104101300239562988e-01,4.675653874874114990e-01
5.000000000000000000e+01,5.062631368637084961e-01,4.658744335174560547e-01
5.100000000000000000e+01,5.021411776542663574e-01,4.644412398338317871e-01
5.200000000000000000e+01,4.980434775352478027e-01,4.632038474082946777e-01
5.300000000000000000e+01,4.939653873443603516e-01,4.620862305164337158e-01
5.400000000000000000e+01,4.899002611637115479e-01,4.610041975975036621e-01
5.500000000000000000e+01,4.858410656452178955e-01,4.598727226257324219e-01
5.600000000000000000e+01,4.817820191383361816e-01,4.586137533187866211e-01
5.700000000000000000e+01,4.777195155620574951e-01,4.571641981601715088e-01
5.800000000000000000e+01,4.736541509628295898e-01,4.554831981658935547e-01
5.900000000000000000e+01,4.695913195610046387e-01,4.535569846630096436e-01
6.000000000000000000e+01,4.655419588088989258e-01,4.513995945453643799e-01
6.100000000000000000e+01,4.615214169025421143e-01,4.490505754947662354e-01
6.200000000000000000e+01,4.575479328632354736e-01,4.465687572956085205e-01
6.300000000000000000e+01,4.536389112472534180e-01,4.440231621265411377e-01
6.400000000000000000e+01,4.498073160648345947e-01,4.414837956428527832e-01
6.500000000000000000e+01,4.460592269897460938e-01,4.390126764774322510e-01
6.600000000000000000e+01,4.423921406269073486e-01,4.366578161716461182e-01
6.700000000000000000e+01,4.387973845005035400e-01,4.344505667686462402e-01
6.800000000000000000e+01,4.352635443210601807e-01,4.324047267436981201e-01
6.900000000000000000e+01,4.317817986011505127e-01,4.305168986320495605e-01
7.000000000000000000e+01,4.283494949340820312e-01,4.287674725055694580e-01
7.100000000000000000e+01,4.249714910984039307e-01,4.271206557750701904e-01
7.200000000000000000e+01,4.216569066047668457e-01,4.255254864692687988e-01
7.300000000000000000e+01,4.184148907661437988e-01,4.239198565483093262e-01
7.400000000000000000e+01,4.152488410472869873e-01,4.222380518913269043e-01
7.500000000000000000e+01,4.121544659137725830e-01,4.204215407371520996e-01
7.600000000000000000e+01,4.091198742389678955e-01,4.184296727180480957e-01
7.700000000000000000e+01,4.061296582221984863e-01,4.162480235099792480e-01
7.800000000000000000e+01,4.031693339347839355e-01,4.138895571231842041e-01
7.900000000000000000e+01,4.002284407615661621e-01,4.113907516002655029e-01
8.000000000000000000e+01,3.973018825054168701e-01,4.088021218776702881e-01
8.100000000000000000e+01,3.943891525268554688e-01,4.061768651008605957e-01
8.200000000000000000e+01,3.914927840232849121e-01,4.035608768463134766e-01
8.300000000000000000e+01,3.886157274246215820e-01,4.009849727153778076e-01
8.400000000000000000e+01,3.857592940330505371e-01,3.984620869159698486e-01
8.500000000000000000e+01,3.829218149185180664e-01,3.959892988204956055e-01
8.600000000000000000e+01,3.800987601280212402e-01,3.935528397560119629e-01
8.700000000000000000e+01,3.772839605808258057e-01,3.911361694335937500e-01
8.800000000000000000e+01,3.744721710681915283e-01,3.887248933315277100e-01
8.900000000000000000e+01,3.716609776020050049e-01,3.863108158111572266e-01
9.000000000000000000e+01,3.688510954380035400e-01,3.838911950588226318e-01
9.100000000000000000e+01,3.660456240177154541e-01,3.814672231674194336e-01
9.200000000000000000e+01,3.632484078407287598e-01,3.790413141250610352e-01
9.300000000000000000e+01,3.604622185230255127e-01,3.766161799430847168e-01
9.400000000000000000e+01,3.576886653900146484e-01,3.741944134235382080e-01
9.500000000000000000e+01,3.549277484416961670e-01,3.717791736125946045e-01
9.600000000000000000e+01,3.521790504455566406e-01,3.693752586841583252e-01
9.700000000000000000e+01,3.494424521923065186e-01,3.669891059398651123e-01
9.800000000000000000e+01,3.467189073562622070e-01,3.646277785301208496e-01
9.900000000000000000e+01,3.440104126930236816e-01,3.622976541519165039e-01
1.000000000000000000e+02,3.413189947605133057e-01,3.600025773048400879e-01
1.010000000000000000e+02,3.386461734771728516e-01,3.577431738376617432e-01
1.020000000000000000e+02,3.359922468662261963e-01,3.555182814598083496e-01
1.030000000000000000e+02,3.333564996719360352e-01,3.533263504505157471e-01
1.040000000000000000e+02,3.307377099990844727e-01,3.511675298213958740e-01
1.050000000000000000e+02,3.281349539756774902e-01,3.490447700023651123e-01
1.060000000000000000e+02,3.255476653575897217e-01,3.469635546207427979e-01
1.070000000000000000e+02,3.229756057262420654e-01,3.449305891990661621e-01
1.080000000000000000e+02,3.204185962677001953e-01,3.429519832134246826e-01
1.090000000000000000e+02,3.178767859935760498e-01,3.410314023494720459e-01
1.100000000000000000e+02,3.153502345085144043e-01,3.391692638397216797e-01
1.110000000000000000e+02,3.128391504287719727e-01,3.373626172542572021e-01
1.120000000000000000e+02,3.103438615798950195e-01,3.356070220470428467e-01
1.130000000000000000e+02,3.078647255897521973e-01,3.338986039161682129e-01
1.140000000000000000e+02,3.054023981094360352e-01,3.322362899780273438e-01
1.150000000000000000e+02,3.029575347900390625e-01,3.306227326393127441e-01
1.160000000000000000e+02,3.005305528640747070e-01,3.290645778179168701e-01
1.170000000000000000e+02,2.981216013431549072e-01,3.275710046291351318e-01
1.180000000000000000e+02,2.957308292388916016e-01,3.261506259441375732e-01
1.190000000000000000e+02,2.933583259582519531e-01,3.248089551925659180e-01
1.200000000000000000e+02,2.910043001174926758e-01,3.235460519790649414e-01
1.210000000000000000e+02,2.886689305305480957e-01,3.223558962345123291e-01
1.220000000000000000e+02,2.863524556159973145e-01,3.212276399135589600e-01
1.230000000000000000e+02,2.840548157691955566e-01,3.201490640640258789e-01
1.240000000000000000e+02,2.817762494087219238e-01,3.191093802452087402e-01
1.250000000000000000e+02,2.795167863368988037e-01,3.181029260158538818e-01
1.260000000000000000e+02,2.772764563560485840e-01,3.171300590038299561e-01
1.270000000000000000e+02,2.750552594661712646e-01,3.161965906620025635e-01
1.280000000000000000e+02,2.728531658649444580e-01,3.153113424777984619e-01
1.290000000000000000e+02,2.706701457500457764e-01,3.144823908805847168e-01
1.300000000000000000e+02,2.685061693191528320e-01,3.137139379978179932e-01
1.310000000000000000e+02,2.663612663745880127e-01,3.130046725273132324e-01
1.320000000000000000e+02,2.642354071140289307e-01,3.123472034931182861e-01
1.330000000000000000e+02,2.621285915374755859e-01,3.117302656173706055e-01
1.340000000000000000e+02,2.600409984588623047e-01,3.111411631107330322e-01
1.350000000000000000e+02,2.579726576805114746e-01,3.105687499046325684e-01
1.360000000000000000e+02,2.559237182140350342e-01,3.100055158138275146e-01
1.370000000000000000e+02,2.538942396640777588e-01,3.094483315944671631e-01
1.380000000000000000e+02,2.518843710422515869e-01,3.088977634906768799e-01
1.390000000000000000e+02,2.498941719532012939e-01,3.083563148975372314e-01
1.400000000000000000e+02,2.479238361120223999e-01,3.078263998031616211e-01
1.410000000000000000e+02,2.459734529256820679e-01,3.073089420795440674e-01
1.420000000000000000e+02,2.440431118011474609e-01,3.068027794361114502e-01
1.430000000000000000e+02,2.421329766511917114e-01,3.063050806522369385e-01
1.440000000000000000e+02,2.402431815862655640e-01,3.058122694492340088e-01
1.450000000000000000e+02,2.383738756179809570e-01,3.053212761878967285e-01
1.460000000000000000e+02,2.365252524614334106e-01,3.048300147056579590e-01
1.470000000000000000e+02,2.346975207328796387e-01,3.043381273746490479e-01
1.480000000000000000e+02,2.328907698392868042e-01,3.038462102413177490e-01
1.490000000000000000e+02,2.311052680015563965e-01,3.033556342124938965e-01
1.500000000000000000e+02,2.293411791324615479e-01,3.028673529624938965e-01
1.510000000000000000e+02,2.275987118482589722e-01,3.023814558982849121e-01
1.520000000000000000e+02,2.258780747652053833e-01,3.018974065780639648e-01
1.530000000000000000e+02,2.241794168949127197e-01,3.014140129089355469e-01
1.540000000000000000e+02,2.225029319524765015e-01,3.009303808212280273e-01
1.550000000000000000e+02,2.208487540483474731e-01,3.004462122917175293e-01
1.560000000000000000e+02,2.192170172929763794e-01,2.999625802040100098e-01
1.570000000000000000e+02,2.176077812910079956e-01,2.994816005229949951e-01
1.580000000000000000e+02,2.160211801528930664e-01,2.990061044692993164e-01
1.590000000000000000e+02,2.144571989774703979e-01,2.985387742519378662e-01
1.600000000000000000e+02,2.129158973693847656e-01,2.980814874172210693e-01
1.610000000000000000e+02,2.113971859216690063e-01,2.976350486278533936e-01
1.620000000000000000e+02,2.099010944366455078e-01,2.971989810466766357e-01
1.630000000000000000e+02,2.084275186061859131e-01,2.967720925807952881e-01
1.640000000000000000e+02,2.069764137268066406e-01,2.963533997535705566e-01
1.650000000000000000e+02,2.055476605892181396e-01,2.959423363208770752e-01
1.660000000000000000e+02,2.041411101818084717e-01,2.955396473407745361e-01
1.670000000000000000e+02,2.027567028999328613e-01,2.951469123363494873e-01
1.680000000000000000e+02,2.013942897319793701e-01,2.947661876678466797e-01
1.690000000000000000e+02,2.000537663698196411e-01,2.943993508815765381e-01
1.700000000000000000e+02,1.987349539995193481e-01,2.940475046634674072e-01
1.710000000000000000e+02,1.974377483129501343e-01,2.937107980251312256e-01
1.720000000000000000e+02,1.961619853973388672e-01,2.933886349201202393e-01
1.730000000000000000e+02,1.949075311422348022e-01,2.930800914764404297e-01
1.740000000000000000e+02,1.936742216348648071e-01,2.927845120429992676e-01
1.750000000000000000e+02,1.924619823694229126e-01,2.925015985965728760e-01
1.760000000000000000e+02,1.912705898284912109e-01,2.922318875789642334e-01
1.770000000000000000e+02,1.900999546051025391e-01,2.919764518737792969e-01
1.780000000000000000e+02,1.889498531818389893e-01,2.917360663414001465e-01
1.790000000000000000e+02,1.878201663494110107e-01,2.915113866329193115e-01
1.800000000000000000e+02,1.867107450962066650e-01,2.913022339344024658e-01
1.810000000000000000e+02,1.856213957071304321e-01,2.911078035831451416e-01
1.820000000000000000e+02,1.845518946647644043e-01,2.909266054630279541e-01
1.830000000000000000e+02,1.835021078586578369e-01,2.907572388648986816e-01
1.840000000000000000e+02,1.824717223644256592e-01,2.905982732772827148e-01
1.850000000000000000e+02,1.814605891704559326e-01,2.904485762119293213e-01
1.860000000000000000e+02,1.804684400558471680e-01,2.903074324131011963e-01
1.870000000000000000e+02,1.794949471950531006e-01,2.901742458343505859e-01
1.880000000000000000e+02,1.785399466753005981e-01,2.900480329990386963e-01
1.890000000000000000e+02,1.776030510663986206e-01,2.899276912212371826e-01
1.900000000000000000e+02,1.766839623451232910e-01,2.898116111755371094e-01
1.910000000000000000e+02,1.757823675870895386e-01,2.896981537342071533e-01
1.920000000000000000e+02,1.748979389667510986e-01,2.895856797695159912e-01
1.930000000000000000e+02,1.740303188562393188e-01,2.894726097583770752e-01
1.940000000000000000e+02,1.731791496276855469e-01,2.893578708171844482e-01
1.950000000000000000e+02,1.723440736532211304e-01,2.892403602600097656e-01
1.960000000000000000e+02,1.715247482061386108e-01,2.891191244125366211e-01
1.970000000000000000e+02,1.707207858562469482e-01,2.889931201934814453e-01
1.980000000000000000e+02,1.699318140745162964e-01,2.888613045215606689e-01
1.990000000000000000e+02,1.691574901342391968e-01,2.887225151062011719e-01
2.000000000000000000e+02,1.683974415063858032e-01,2.885757088661193848e-01
2.010000000000000000e+02,1.676513254642486572e-01,2.884200513362884521e-01
2.020000000000000000e+02,1.669187992811203003e-01,2.882547974586486816e-01
2.030000000000000000e+02,1.661995053291320801e-01,2.880793809890747070e-01
2.040000000000000000e+02,1.654930710792541504e-01,2.878933250904083252e-01
2.050000000000000000e+02,1.647991836071014404e-01,2.876963615417480469e-01
2.060000000000000000e+02,1.641175299882888794e-01,2.874883115291595459e-01
2.070000000000000000e+02,1.634476929903030396e-01,2.872689664363861084e-01
2.080000000000000000e+02,1.627894490957260132e-01,2.870384752750396729e-01
2.090000000000000000e+02,1.621423959732055664e-01,2.867969572544097900e-01
2.100000000000000000e+02,1.615062355995178223e-01,2.865446507930755615e-01
2.110000000000000000e+02,1.608806252479553223e-01,2.862817049026489258e-01
2.120000000000000000e+02,1.602652519941329956e-01,2.860086560249328613e-01
2.130000000000000000e+02,1.596597433090209961e-01,2.857259809970855713e-01
2.140000000000000000e+02,1.590638011693954468e-01,2.854345440864562988e-01
2.150000000000000000e+02,1.584770977497100830e-01,2.851352095603942871e-01
2.160000000000000000e+02,1.578992903232574463e-01,2.848291397094726562e-01
2.170000000000000000e+02,1.573300659656524658e-01,2.845174372196197510e-01
2.180000000000000000e+02,1.567690968513488770e-01,2.842012047767639160e-01
2.190000000000000000e+02,1.562160700559616089e-01,2.838813364505767822e-01
2.200000000000000000e+02,1.556706279516220093e-01,2.835586965084075928e-01
2.210000000000000000e+02,1.551325023174285889e-01,2.832340896129608154e-01
2.220000000000000000e+02,1.546013504266738892e-01,2.829084694385528564e-01
2.230000000000000000e+02,1.540769189596176147e-01,2.825828194618225098e-01
2.240000000000000000e+02,1.535588800907135010e-01,2.822582125663757324e-01
2.250000000000000000e+02,1.530470103025436401e-01,2.819356322288513184e-01
2.260000000000000000e+02,1.525409817695617676e-01,2.816160321235656738e-01
2.270000000000000000e+02,1.520405411720275879e-01,2.813003063201904297e-01
2.280000000000000000e+02,1.515454649925231934e-01,2.809892296791076660e-01
2.290000000000000000e+02,1.510554999113082886e-01,2.806835770606994629e-01
2.300000000000000000e+02,1.505704075098037720e-01,2.803840637207031250e-01
2.310000000000000000e+02,1.500899940729141235e-01,2.800916731357574463e-01
2.320000000000000000e+02,1.496140211820602417e-01,2.798070907592773438e-01
2.330000000000000000e+02,1.491423100233078003e-01,2.795311212539672852e-01
2.340000000000000000e+02,1.486746221780776978e-01,2.792644500732421875e-01
2.350000000000000000e+02,1.482108086347579956e-01,2.790076732635498047e-01
2.360000000000000000e+02,1.477506756782531738e-01,2.787612676620483398e-01
2.370000000000000000e+02,1.472940593957901001e-01,2.785256505012512207e-01
2.380000000000000000e+02,1.468407958745956421e-01,2.783012092113494873e-01
2.390000000000000000e+02,1.463907063007354736e-01,2.780883312225341797e-01
2.400000000000000000e+02,1.459436416625976562e-01,2.778872847557067871e-01
2.410000000000000000e+02,1.454994678497314453e-01,2.776982188224792480e-01
2.420000000000000000e+02,1.450580209493637085e-01,2.775213718414306641e-01
2.430000000000000000e+02,1.446191668510437012e-01,2.773566842079162598e-01
2.440000000000000000e+02,1.441827565431594849e-01,2.772040963172912598e-01
2.450000000000000000e+02,1.437487006187438965e-01,2.770635187625885010e-01
2.460000000000000000e+02,1.433168053627014160e-01,2.769347727298736572e-01
2.470000000000000000e+02,1.428869962692260742e-01,2.768177092075347900e-01
2.480000000000000000e+02,1.424591690301895142e-01,2.767120003700256348e-01
2.490000000000000000e+02,1.420331299304962158e-01,2.766174972057342529e-01
2.500000000000000000e+02,1.416087895631790161e-01,2.765339016914367676e-01
2.510000000000000000e+02,1.411860734224319458e-01,2.764609754085540771e-01
2.520000000000000000e+02,1.407648473978042603e-01,2.763982713222503662e-01
2.530000000000000000e+02,1.403449922800064087e-01,2.763454616069793701e-01
2.540000000000000000e+02,1.399264037609100342e-01,2.763022482395172119e-01
2.550000000000000000e+02,1.395089626312255859e-01,2.762681245803833008e-01
2.560000000000000000e+02,1.390925645828247070e-01,2.762426733970642090e-01
2.570000000000000000e+02,1.386771500110626221e-01,2.762255370616912842e-01
2.580000000000000000e+02,1.382625997066497803e-01,2.762162387371063232e-01
2.590000000000000000e+02,1.378488093614578247e-01,2.762143909931182861e-01
2.600000000000000000e+02,1.374357044696807861e-01,2.762195169925689697e-01
2.610000000000000000e+02,1.370231509208679199e-01,2.762313187122344971e-01
2.620000000000000000e+02,1.366111189126968384e-01,2.762491703033447266e-01
2.630000000000000000e+02,1.361994743347167969e-01,2.762727439403533936e-01
2.640000000000000000e+02,1.357881426811218262e-01,2.763016223907470703e-01
2.650000000000000000e+02,1.353770494461059570e-01,2.763353586196899414e-01
2.660000000000000000e+02,1.349661499261856079e-01,2.763737440109252930e-01
2.670000000000000000e+02,1.345553100109100342e-01,2.764162719249725342e-01
2.680000000000000000e+02,1.341444998979568481e-01,2.764626443386077881e-01
2.690000000000000000e+02,1.337336152791976929e-01,2.765125930309295654e-01
2.700000000000000000e+02,1.333226263523101807e-01,2.765656709671020508e-01
2.710000000000000000e+02,1.329114437103271484e-01,2.766216695308685303e-01
2.720000000000000000e+02,1.325000375509262085e-01,2.766802310943603516e-01
2.730000000000000000e+02,1.320883333683013916e-01,2.767411470413208008e-01
2.740000000000000000e+02,1.316762864589691162e-01,2.768042683601379395e-01
2.750000000000000000e+02,1.312638223171234131e-01,2.768690884113311768e-01
2.760000000000000000e+02,1.308509260416030884e-01,2.769355475902557373e-01
2.770000000000000000e+02,1.304375380277633667e-01,2.770034372806549072e-01
2.780000000000000000e+02,1.300236284732818604e-01,2.770723998546600342e-01
2.790000000000000000e+02,1.296091526746749878e-01,2.771422564983367920e-01
2.800000000000000000e+02,1.291940808296203613e-01,2.772126793861389160e-01
2.810000000000000000e+02,1.287783831357955933e-01,2.772835493087768555e-01
2.820000000000000000e+02,1.283620446920394897e-01,2.773545086383819580e-01
2.830000000000000000e+02,1.279450207948684692e-01,2.774254083633422852e-01
2.840000000000000000e+02,1.275273114442825317e-01,2.774959504604339600e-01
2.850000000000000000e+02,1.271088868379592896e-01,2.775659561157226562e-01
2.860000000000000000e+02,1.266897320747375488e-01,2.776351273059844971e-01
2.870000000000000000e+02,1.262698620557785034e-01,2.777032554149627686e-01
2.880000000000000000e+02,1.258492469787597656e-01,2.777701914310455322e-01
2.890000000000000000e+02,1.254278719425201416e-01,2.778356373310089111e-01
2.900000000000000000e+02,1.250057518482208252e-01,2.778995335102081299e-01
2.910000000000000000e+02,1.245828866958618164e-01,2.779617309570312500e-01
2.920000000000000000e+02,1.241592764854431152e-01,2.780220210552215576e-01
2.930000000000000000e+02,1.237348988652229309e-01,2.780803740024566650e-01
2.940000000000000000e+02,1.233097910881042480e-01,2.781367003917694092e-01
2.950000000000000000e+02,1.228839531540870667e-01,2.781910002231597900e-01
2.960000000000000000e+02,1.224573701620101929e-01,2.782430946826934814e-01
2.970000000000000000e+02,1.220300644636154175e-01,2.782931625843048096e-01
2.980000000000000000e+02,1.216020807623863220e-01,2.783412337303161621e-01
2.990000000000000000e+02,1.211733445525169373e-01,2.783873081207275391e-01
3.000000000000000000e+02,1.207439526915550232e-01,2.784315943717956543e-01
3.010000000000000000e+02,1.203138679265975952e-01,2.784741818904876709e-01
3.020000000000000000e+02,1.198830977082252502e-01,2.785152196884155273e-01
3.030000000000000000e+02,1.194516569375991821e-01,2.785549461841583252e-01
3.040000000000000000e+02,1.190195679664611816e-01,2.785936892032623291e-01
3.050000000000000000e+02,1.185868009924888611e-01,2.786316275596618652e-01
3.060000000000000000e+02,1.181534081697463989e-01,2.786691784858703613e-01
3.070000000000000000e+02,1.177193894982337952e-01,2.787066698074340820e-01
3.080000000000000000e+02,1.172847151756286621e-01,2.787446677684783936e-01
3.090000000000000000e+02,1.168494150042533875e-01,2.787835299968719482e-01
3.100000000000000000e+02,1.164135113358497620e-01,2.788238525390625000e-01
3.110000000000000000e+02,1.159769967198371887e-01,2.788660526275634766e-01
3.120000000000000000e+02,1.155398562550544739e-01,2.789108753204345703e-01
3.130000000000000000e+02,1.151021346449851990e-01,2.789587676525115967e-01
3.140000000000000000e+02,1.146637871861457825e-01,2.790104746818542480e-01
3.150000000000000000e+02,1.142248660326004028e-01,2.790666222572326660e-01
3.160000000000000000e+02,1.137853562831878662e-01,2.791278958320617676e-01
3.170000000000000000e+02,1.133452504873275757e-01,2.791950106620788574e-01
3.180000000000000000e+02,1.129045709967613220e-01,2.792687416076660156e-01
3.190000000000000000e+02,1.124633252620697021e-01,2.793496847152709961e-01
3.200000000000000000e+02,1.120215132832527161e-01,2.794387042522430420e-01
3.210000000000000000e+02,1.115791425108909607e-01,2.795365452766418457e-01
3.220000000000000000e+02,1.111362054944038391e-01,2.796438336372375488e-01
3.230000000000000000e+02,1.106927469372749329e-01,2.797614932060241699e-01
3.240000000000000000e+02,1.102487295866012573e-01,2.798900306224822998e-01
3.250000000000000000e+02,1.098041832447052002e-01,2.800301909446716309e-01
3.260000000000000000e+02,1.093591079115867615e-01,2.801827490329742432e-01
3.270000000000000000e+02,1.089134961366653442e-01,2.803482413291931152e-01
3.280000000000000000e+02,1.084673702716827393e-01,2.805273234844207764e-01
3.290000000000000000e+02,1.080207228660583496e-01,2.807205617427825928e-01
3.300000000000000000e+02,1.075735986232757568e-01,2.809286415576934814e-01
3.310000000000000000e+02,1.071259602904319763e-01,2.811519503593444824e-01
3.320000000000000000e+02,1.066778004169464111e-01,2.813911139965057373e-01
3.330000000000000000e+02,1.062291786074638367e-01,2.816466093063354492e-01
3.340000000000000000e+02,1.057800725102424622e-01,2.819188535213470459e-01
3.350000000000000000e+02,1.053304672241210938e-01,2.822083532810211182e-01
3.360000000000000000e+02,1.048804000020027161e-01,2.825154066085815430e-01
3.370000000000000000e+02,1.044298782944679260e-01,2.828404307365417480e-01
3.380000000000000000e+02,1.039788872003555298e-01,2.831838130950927734e-01
3.390000000000000000e+02,1.035274639725685120e-01,2.835458517074584961e-01
3.400000000000000000e+02,1.030755862593650818e-01,2.839268445968627930e-01
3.410000000000000000e+02,1.026232838630676270e-01,2.843270599842071533e-01
3.420000000000000000e+02,1.021705567836761475e-01,2.847467958927154541e-01
3.430000000000000000e+02,1.017174348235130310e-01,2.851862907409667969e-01
3.440000000000000000e+02,1.012639328837394714e-01,2.856457531452178955e-01
3.450000000000000000e+02,1.008100509643554688e-01,2.861253619194030762e-01
3.460000000000000000e+02,1.003558337688446045e-01,2.866253852844238281e-01
3.470000000000000000e+02,9.990130364894866943e-02,2.871457934379577637e-01
3.480000000000000000e+02,9.944648295640945435e-02,2.876868247985839844e-01
3.490000000000000000e+02,9.899143129587173462e-02,2.882484793663024902e-01
3.500000000000000000e+02,9.853616356849670410e-02,2.888309955596923828e-01
3.510000000000000000e+02,9.808076173067092896e-02,2.894342541694641113e-01
3.520000000000000000e+02,9.762524068355560303e-02,2.900583744049072266e-01
3.530000000000000000e+02,9.716970473527908325e-02,2.907033562660217285e-01
3.540000000000000000e+02,9.671420603990554810e-02,2.913690507411956787e-01
3.550000000000000000e+02,9.625884145498275757e-02,2.920553386211395264e-01
3.560000000000000000e+02,9.580369293689727783e-02,2.927621304988861084e-01
3.570000000000000000e+02,9.534885734319686890e-02,2.934891283512115479e-01
3.580000000000000000e+02,9.489446878433227539e-02,2.942360937595367432e-01
3.590000000000000000e+02,9.444063156843185425e-02,2.950025796890258789e-01
3.600000000000000000e+02,9.398748725652694702e-02,2.957882285118103027e-01
3.610000000000000000e+02,9.353518486022949219e-02,2.965923249721527100e-01
3.620000000000000000e+02,9.308386594057083130e-02,2.974144518375396729e-01
3.630000000000000000e+02,9.263371676206588745e-02,2.982537448406219482e-01
3.640000000000000000e+02,9.218484908342361450e-02,2.991093695163726807e-01
3.650000000000000000e+02,9.173749387264251709e-02,2.999804615974426270e-01
3.660000000000000000e+02,9.129184484481811523e-02,3.008659183979034424e-01
3.670000000000000000e+02,9.084800630807876587e-02,3.017645776271820068e-01
3.680000000000000000e+02,9.040620923042297363e-02,3.026753067970275879e-01
3.690000000000000000e+02,8.996661752462387085e-02,3.035966753959655762e-01
3.700000000000000000e+02,8.952940255403518677e-02,3.045273721218109131e-01
3.710000000000000000e+02,8.909472078084945679e-02,3.054659068584442139e-01
3.720000000000000000e+02,8.866272866725921631e-02,3.064108490943908691e-01
3.730000000000000000e+02,8.823354542255401611e-02,3.073607981204986572e-01
3.740000000000000000e+02,8.780732750892639160e-02,3.083142340183258057e-01
3.750000000000000000e+02,8.738418668508529663e-02,3.092697560787200928e-01
3.760000000000000000e+02,8.696420490741729736e-02,3.102259337902069092e-01
3.770000000000000000e+02,8.654748648405075073e-02,3.111814856529235840e-01
3.780000000000000000e+02,8.613409847021102905e-02,3.121351301670074463e-01
3.790000000000000000e+02,8.572410792112350464e-02,3.130857646465301514e-01
3.800000000000000000e+02,8.531756699085235596e-02,3.140322566032409668e-01
3.810000000000000000e+02,8.491447567939758301e-02,3.149737119674682617e-01
3.820000000000000000e+02,8.451489359140396118e-02,3.159091174602508545e-01
3.830000000000000000e+02,8.411883562803268433e-02,3.168376982212066650e-01
3.840000000000000000e+02,8.372630178928375244e-02,3.177587389945983887e-01
3.850000000000000000e+02,8.333731442689895630e-02,3.186716735363006592e-01
3.860000000000000000e+02,8.295184373855590820e-02,3.195759654045104980e-01
3.870000000000000000e+02,8.256991207599639893e-02,3.204710781574249268e-01
3.880000000000000000e+02,8.219150453805923462e-02,3.213568031787872314e-01
3.890000000000000000e+02,8.181663602590560913e-02,3.222328424453735352e-01
3.900000000000000000e+02,8.144526928663253784e-02,3.230987787246704102e-01
3.910000000000000000e+02,8.107741177082061768e-02,3.239546418190002441e-01
3.920000000000000000e+02,8.071304112672805786e-02,3.248002231121063232e-01
3.930000000000000000e+02,8.035215735435485840e-02,3.256354928016662598e-01
3.940000000000000000e+02,7.999476790428161621e-02,3.264604508876800537e-01
3.950000000000000000e+02,7.964085042476654053e-02,3.272750973701477051e-01
3.960000000000000000e+02,7.929040491580963135e-02,3.280794620513916016e-01
3.970000000000000000e+02,7.894340157508850098e-02,3.288737237453460693e-01
3.980000000000000000e+02,7.859987020492553711e-02,3.296580016613006592e-01
3.990000000000000000e+02,7.825978100299835205e-02,3.304324150085449219e-01
4.000000000000000000e+02,7.792312651872634888e-02,3.311972618103027344e-01
4.010000000000000000e+02,7.758989185094833374e-02,3.319525122642517090e-01
4.020000000000000000e+02,7.726009190082550049e-02,3.326986432075500488e-01
4.030000000000000000e+02,7.693368941545486450e-02,3.334357738494873047e-01
4.040000000000000000e+02,7.661068439483642578e-02,3.341642916202545166e-01
4.050000000000000000e+02,7.629105448722839355e-02,3.348843753337860107e-01
4.060000000000000000e+02,7.597478479146957397e-02,3.355963528156280518e-01
4.070000000000000000e+02,7.566186040639877319e-02,3.363004624843597412e-01
4.080000000000000000e+02,7.535228133201599121e-02,3.369970619678497314e-01
4.090000000000000000e+02,7.504600286483764648e-02,3.376865386962890625e-01
4.100000000000000000e+02,7.474301010370254517e-02,3.383688926696777344e-01
4.110000000000000000e+02,7.444329559803009033e-02,3.390445411205291748e-01
4.120000000000000000e+02,7.414682209491729736e-02,3.397137820720672607e-01
4.130000000000000000e+02,7.385355979204177856e-02,3.403768241405487061e-01
4.140000000000000000e+02,7.356348633766174316e-02,3.410337865352630615e-01
4.150000000000000000e+02,7.327657938003540039e-02,3.416849672794342041e-01
4.160000000000000000e+02,7.299281656742095947e-02,3.423304259777069092e-01
4.170000000000000000e+02,7.271214574575424194e-02,3.429703414440155029e-01
4.180000000000000000e+02,7.243456691503524780e-02,3.436048626899719238e-01
4.190000000000000000e+02,7.216003537178039551e-02,3.442340791225433350e-01
4.200000000000000000e+02,7.188850641250610352e-02,3.448579907417297363e-01
4.210000000000000000e+02,7.161996513605117798e-02,3.454767763614654541e-01
4.220000000000000000e+02,7.135436683893203735e-02,3.460905551910400391e-01
4.230000000000000000e+02,7.109169661998748779e-02,3.466993272304534912e-01
4.240000000000000000e+02,7.083191722631454468e-02,3.473030626773834229e-01
4.250000000000000000e+02,7.057496905326843262e-02,3.479019999504089355e-01
4.260000000000000000e+02,7.032085210084915161e-02,3.484961092472076416e-01
4.270000000000000000e+02,7.006950676441192627e-02,3.490854799747467041e-01
4.280000000000000000e+02,6.982091814279556274e-02,3.496701419353485107e-01
4.290000000000000000e+02,6.957504898309707642e-02,3.502500057220458984e-01
4.300000000000000000e+02,6.933185458183288574e-02,3.508253991603851318e-01
4.310000000000000000e+02,6.909131258726119995e-02,3.513961434364318848e-01
4.320000000000000000e+02,6.885337829589843750e-02,3.519623875617980957e-01
4.330000000000000000e+02,6.861802935600280762e-02,3.525241315364837646e-01
4.340000000000000000e+02,6.838524341583251953e-02,3.530813753604888916e-01
4.350000000000000000e+02,6.815494596958160400e-02,3.536341488361358643e-01
4.360000000000000000e+02,6.792714446783065796e-02,3.541825413703918457e-01
4.370000000000000000e+02,6.770179420709609985e-02,3.547264933586120605e-01
4.380000000000000000e+02,6.747885793447494507e-02,3.552660644054412842e-01
4.390000000000000000e+02,6.725829839706420898e-02,3.558011353015899658e-01
